####en; 20-07-08 06:28:25; 75;5
####it; 20-07-08 06:28:25; 3;-1
####br; 20-07-08 06:28:25; 3;-2
####en; 20-07-08 06:28:30; 73;11
####it; 20-07-08 06:28:30; 3;-1
####br; 20-07-08 06:28:30; 3;-2
####en; 20-07-08 06:28:35; 73;6
####it; 20-07-08 06:28:35; 3;-1
####br; 20-07-08 06:28:35; 2;-4
####en; 20-07-08 06:28:40; 77;10
####it; 20-07-08 06:28:40; 3;-1
####br; 20-07-08 06:28:40; 3;-2
####en; 20-07-08 06:28:45; 76;14
####it; 20-07-08 06:28:45; 2;0
####br; 20-07-08 06:28:45; 3;-2
####en; 20-07-08 06:28:50; 77;0
####it; 20-07-08 06:28:50; 3;-1
####br; 20-07-08 06:28:50; 4;-5
####en; 20-07-08 06:28:55; 79;-8
####it; 20-07-08 06:28:55; 3;-1
####br; 20-07-08 06:28:55; 3;-3
####en; 20-07-08 06:29:00; 74;-8
####it; 20-07-08 06:29:00; 2;-2
####br; 20-07-08 06:29:00; 3;-3
####en; 20-07-08 06:29:05; 70;-9
####it; 20-07-08 06:29:05; 3;-1
####br; 20-07-08 06:29:05; 3;-3
####en; 20-07-08 06:29:10; 68;-4
####it; 20-07-08 06:29:10; 2;0
####br; 20-07-08 06:29:10; 3;-3
####en; 20-07-08 06:29:15; 73;-1
####it; 20-07-08 06:29:15; 2;0
####br; 20-07-08 06:29:15; 2;-1
####en; 20-07-08 06:29:20; 69;-8
####it; 20-07-08 06:29:20; 2;0
####br; 20-07-08 06:29:20; 2;-1
####en; 20-07-08 06:29:25; 67;-17
####it; 20-07-08 06:29:25; 2;0
####br; 20-07-08 06:29:25; 3;-2
####en; 20-07-08 06:29:30; 72;-20
####it; 20-07-08 06:29:30; 2;0
####br; 20-07-08 06:29:30; 3;-2
####en; 20-07-08 06:29:35; 73;-16
####it; 20-07-08 06:29:35; 2;0
####br; 20-07-08 06:29:35; 3;-2
####en; 20-07-08 06:29:40; 70;-14
####it; 20-07-08 06:29:40; 2;0
####br; 20-07-08 06:29:40; 2;-4
####en; 20-07-08 06:29:45; 71;-15
####it; 20-07-08 06:29:45; 2;0
####br; 20-07-08 06:29:45; 2;-4
####en; 20-07-08 06:29:50; 70;-6
####it; 20-07-08 06:29:50; 2;2
####br; 20-07-08 06:29:50; 1;-1
####en; 20-07-08 06:29:55; 71;-2
####it; 20-07-08 06:29:55; 2;2
####br; 20-07-08 06:29:55; 2;0
####en; 20-07-08 06:30:00; 74;-16
####it; 20-07-08 06:30:00; 2;2
####br; 20-07-08 06:30:00; 2;0
####en; 20-07-08 06:30:05; 75;-14
####it; 20-07-08 06:30:05; 1;1
####br; 20-07-08 06:30:05; 2;0
####en; 20-07-08 06:30:10; 82;-19
####it; 20-07-08 06:30:10; 2;2
####br; 20-07-08 06:30:10; 3;-2
####en; 20-07-08 06:30:15; 83;-19
####it; 20-07-08 06:30:15; 2;2
####br; 20-07-08 06:30:15; 3;-2
####en; 20-07-08 06:30:20; 88;-11
####it; 20-07-08 06:30:20; 3;0
####br; 20-07-08 06:30:20; 3;-2
####en; 20-07-08 06:30:25; 88;-12
####it; 20-07-08 06:30:25; 3;0
####br; 20-07-08 06:30:25; 2;-1
####en; 20-07-08 06:30:30; 92;-7
####it; 20-07-08 06:30:30; 3;0
####br; 20-07-08 06:30:30; 2;-1
####en; 20-07-08 06:30:35; 95;-14
####it; 20-07-08 06:30:35; 3;0
####br; 20-07-08 06:30:35; 3;0
####en; 20-07-08 06:30:40; 101;-13
####it; 20-07-08 06:30:40; 3;0
####br; 20-07-08 06:30:40; 3;0
####en; 20-07-08 06:30:45; 99;-5
####it; 20-07-08 06:30:45; 3;0
####br; 20-07-08 06:30:45; 3;0
####en; 20-07-08 06:30:50; 103;-5
####it; 20-07-08 06:30:50; 2;-1
####br; 20-07-08 06:30:50; 3;0
####en; 20-07-08 06:30:55; 101;-6
####it; 20-07-08 06:30:55; 2;-1
####br; 20-07-08 06:30:55; 3;0
####en; 20-07-08 06:31:00; 99;4
####it; 20-07-08 06:31:00; 2;-1
####br; 20-07-08 06:31:00; 3;0
####en; 20-07-08 06:31:05; 101;5
####it; 20-07-08 06:31:05; 2;-1
####br; 20-07-08 06:31:05; 4;-1
####en; 20-07-08 06:31:10; 99;6
####it; 20-07-08 06:31:10; 2;-1
####br; 20-07-08 06:31:10; 3;1
####en; 20-07-08 06:31:15; 96;9
####it; 20-07-08 06:31:15; 2;-1
####br; 20-07-08 06:31:15; 3;1
####en; 20-07-08 06:31:20; 91;3
####br; 20-07-08 06:31:20; 3;1
####en; 20-07-08 06:31:25; 91;8
####it; 20-07-08 06:31:25; 1;-3
####br; 20-07-08 06:31:25; 3;1
####en; 20-07-08 06:31:30; 84;5
####it; 20-07-08 06:31:30; 1;-3
####br; 20-07-08 06:31:30; 3;1
####en; 20-07-08 06:31:35; 82;4
####it; 20-07-08 06:31:35; 1;-3
####br; 20-07-08 06:31:35; 2;0
####en; 20-07-08 06:31:40; 78;-4
####it; 20-07-08 06:31:40; 1;-3
####br; 20-07-08 06:31:40; 3;1
####en; 20-07-08 06:31:45; 85;-10
####it; 20-07-08 06:31:45; 2;-4
####br; 20-07-08 06:31:45; 3;1
####en; 20-07-08 06:31:50; 77;-15
####it; 20-07-08 06:31:50; 2;-4
####br; 20-07-08 06:31:50; 3;1
####en; 20-07-08 06:31:55; 78;-12
####it; 20-07-08 06:31:55; 2;-4
####br; 20-07-08 06:31:55; 2;0
####en; 20-07-08 06:32:00; 72;-14
####it; 20-07-08 06:32:00; 2;-4
####br; 20-07-08 06:32:00; 3;-1
####en; 20-07-08 06:32:05; 68;-17
####it; 20-07-08 06:32:05; 2;-4
####br; 20-07-08 06:32:05; 3;-1
####en; 20-07-08 06:32:10; 67;-19
####it; 20-07-08 06:32:10; 3;-3
####br; 20-07-08 06:32:10; 4;0
####en; 20-07-08 06:32:15; 66;-22
####it; 20-07-08 06:32:15; 3;-3
####br; 20-07-08 06:32:15; 4;0
####en; 20-07-08 06:32:20; 69;-23
####it; 20-07-08 06:32:20; 3;-3
####br; 20-07-08 06:32:20; 4;0
####en; 20-07-08 06:32:25; 71;-24
####it; 20-07-08 06:32:25; 2;0
####br; 20-07-08 06:32:25; 4;0
####en; 20-07-08 06:32:30; 74;-21
####it; 20-07-08 06:32:30; 2;0
####br; 20-07-08 06:32:30; 5;2
####en; 20-07-08 06:32:35; 72;-32
####it; 20-07-08 06:32:35; 2;0
####br; 20-07-08 06:32:35; 5;2
####en; 20-07-08 06:32:40; 71;-35
####it; 20-07-08 06:32:40; 2;0
####br; 20-07-08 06:32:40; 4;1
####en; 20-07-08 06:32:45; 64;-45
####it; 20-07-08 06:32:45; 1;1
####br; 20-07-08 06:32:45; 4;1
####en; 20-07-08 06:32:50; 66;-36
####it; 20-07-08 06:32:50; 1;1
####br; 20-07-08 06:32:50; 4;1
####en; 20-07-08 06:32:55; 66;-40
####it; 20-07-08 06:32:55; 1;1
####br; 20-07-08 06:32:55; 4;1
####en; 20-07-08 06:33:00; 69;-47
####it; 20-07-08 06:33:00; 1;1
####br; 20-07-08 06:33:00; 4;1
####en; 20-07-08 06:33:05; 67;-41
####it; 20-07-08 06:33:05; 1;1
####br; 20-07-08 06:33:05; 3;2
####en; 20-07-08 06:33:10; 69;-41
####br; 20-07-08 06:33:10; 2;1
####en; 20-07-08 06:33:15; 67;-38
####br; 20-07-08 06:33:15; 2;1
####en; 20-07-08 06:33:20; 65;-34
####br; 20-07-08 06:33:20; 2;1
####en; 20-07-08 06:33:25; 63;-40
####br; 20-07-08 06:33:25; 2;1
####en; 20-07-08 06:33:30; 65;-39
####br; 20-07-08 06:33:30; 2;-2
####en; 20-07-08 06:33:35; 64;-33
####br; 20-07-08 06:33:35; 2;-2
####en; 20-07-08 06:33:40; 66;-26
####br; 20-07-08 06:33:40; 3;-3
####en; 20-07-08 06:33:45; 71;-29
####br; 20-07-08 06:33:45; 3;-3
####en; 20-07-08 06:33:50; 74;-43
####br; 20-07-08 06:33:50; 4;-2
####en; 20-07-08 06:33:55; 76;-35
####br; 20-07-08 06:33:55; 4;-2
####en; 20-07-08 06:34:00; 79;-28
####br; 20-07-08 06:34:00; 3;-1
####en; 20-07-08 06:34:05; 80;-27
####br; 20-07-08 06:34:05; 3;-1
####en; 20-07-08 06:34:10; 78;-27
####br; 20-07-08 06:34:10; 3;-1
####en; 20-07-08 06:34:15; 79;-29
####br; 20-07-08 06:34:15; 3;-1
####en; 20-07-08 06:34:20; 77;-30
####br; 20-07-08 06:34:20; 4;0
####en; 20-07-08 06:34:25; 78;-20
####br; 20-07-08 06:34:25; 5;1
####en; 20-07-08 06:34:30; 79;-23
####br; 20-07-08 06:34:30; 4;2
####en; 20-07-08 06:34:35; 82;-18
####br; 20-07-08 06:34:35; 4;2
####en; 20-07-08 06:34:40; 80;-22
####br; 20-07-08 06:34:40; 3;3
####en; 20-07-08 06:34:45; 80;-26
####it; 20-07-08 06:34:45; 1;-1
####br; 20-07-08 06:34:45; 3;3
####en; 20-07-08 06:34:50; 77;-14
####it; 20-07-08 06:34:50; 1;-1
####br; 20-07-08 06:34:50; 2;2
####en; 20-07-08 06:34:55; 81;-24
####it; 20-07-08 06:34:55; 2;0
####br; 20-07-08 06:34:55; 2;2
####en; 20-07-08 06:35:00; 78;-24
####it; 20-07-08 06:35:00; 2;0
####br; 20-07-08 06:35:00; 2;2
####en; 20-07-08 06:35:05; 77;-25
####it; 20-07-08 06:35:05; 2;0
####br; 20-07-08 06:35:05; 2;2
####en; 20-07-08 06:35:10; 79;-28
####it; 20-07-08 06:35:10; 2;0
####br; 20-07-08 06:35:10; 3;3
####en; 20-07-08 06:35:15; 80;-29
####it; 20-07-08 06:35:15; 2;0
####br; 20-07-08 06:35:15; 3;3
####en; 20-07-08 06:35:20; 86;-24
####it; 20-07-08 06:35:20; 2;0
####br; 20-07-08 06:35:20; 2;2
####en; 20-07-08 06:35:25; 90;-35
####it; 20-07-08 06:35:25; 2;0
####br; 20-07-08 06:35:25; 1;1
####en; 20-07-08 06:35:30; 87;-37
####it; 20-07-08 06:35:30; 2;0
####br; 20-07-08 06:35:30; 1;1
####en; 20-07-08 06:35:35; 81;-35
####it; 20-07-08 06:35:35; 2;0
####br; 20-07-08 06:35:35; 1;1
####en; 20-07-08 06:35:40; 86;-31
####it; 20-07-08 06:35:40; 2;0
####br; 20-07-08 06:35:40; 1;1
####en; 20-07-08 06:35:45; 81;-26
####it; 20-07-08 06:35:45; 1;1
####br; 20-07-08 06:35:45; 1;1
####en; 20-07-08 06:35:50; 84;-25
####it; 20-07-08 06:35:50; 1;1
####br; 20-07-08 06:35:50; 1;1
####en; 20-07-08 06:35:55; 77;-15
####br; 20-07-08 06:35:55; 2;3
####en; 20-07-08 06:36:00; 80;-16
####br; 20-07-08 06:36:00; 3;4
####en; 20-07-08 06:36:05; 81;-15
####br; 20-07-08 06:36:05; 4;5
####en; 20-07-08 06:36:10; 79;-11
####br; 20-07-08 06:36:10; 3;4
####en; 20-07-08 06:36:15; 78;-14
####br; 20-07-08 06:36:15; 3;4
####en; 20-07-08 06:36:20; 74;-14
####br; 20-07-08 06:36:20; 3;4
####en; 20-07-08 06:36:25; 69;-5
####it; 20-07-08 06:36:25; 1;-1
####br; 20-07-08 06:36:25; 3;4
####en; 20-07-08 06:36:30; 67;2
####it; 20-07-08 06:36:30; 1;-1
####br; 20-07-08 06:36:30; 3;4
####en; 20-07-08 06:36:35; 69;-1
####it; 20-07-08 06:36:35; 1;-1
####br; 20-07-08 06:36:35; 3;4
####en; 20-07-08 06:36:40; 65;-14
####it; 20-07-08 06:36:40; 1;-1
####br; 20-07-08 06:36:40; 3;4
####en; 20-07-08 06:36:45; 65;-11
####it; 20-07-08 06:36:45; 1;-1
####br; 20-07-08 06:36:45; 4;3
####en; 20-07-08 06:36:50; 67;-12
####it; 20-07-08 06:36:50; 1;-1
####br; 20-07-08 06:36:50; 4;3
####en; 20-07-08 06:36:55; 72;-14
####it; 20-07-08 06:36:55; 1;-1
####br; 20-07-08 06:36:55; 3;1
####en; 20-07-08 06:37:00; 70;-12
####it; 20-07-08 06:37:00; 1;-1
####br; 20-07-08 06:37:00; 2;0
####en; 20-07-08 06:37:05; 76;-16
####it; 20-07-08 06:37:05; 1;-1
####br; 20-07-08 06:37:05; 1;-1
####en; 20-07-08 06:37:10; 74;-11
####it; 20-07-08 06:37:10; 2;1
####br; 20-07-08 06:37:10; 1;-1
####en; 20-07-08 06:37:15; 77;-10
####it; 20-07-08 06:37:15; 2;1
####br; 20-07-08 06:37:15; 1;-1
####en; 20-07-08 06:37:20; 75;-11
####it; 20-07-08 06:37:20; 2;1
####br; 20-07-08 06:37:20; 1;-1
####en; 20-07-08 06:37:25; 76;-14
####it; 20-07-08 06:37:25; 1;2
####br; 20-07-08 06:37:25; 1;-1
####en; 20-07-08 06:37:30; 78;-21
####it; 20-07-08 06:37:30; 1;2
####br; 20-07-08 06:37:30; 1;-1
####en; 20-07-08 06:37:35; 80;-22
####it; 20-07-08 06:37:35; 3;4
####br; 20-07-08 06:37:35; 2;0
####en; 20-07-08 06:37:40; 77;-21
####it; 20-07-08 06:37:40; 3;4
####br; 20-07-08 06:37:40; 3;1
####en; 20-07-08 06:37:45; 75;-24
####it; 20-07-08 06:37:45; 3;4
####br; 20-07-08 06:37:45; 3;1
####en; 20-07-08 06:37:50; 78;-30
####it; 20-07-08 06:37:50; 3;4
####br; 20-07-08 06:37:50; 4;0
####en; 20-07-08 06:37:55; 75;-30
####it; 20-07-08 06:37:55; 3;4
####br; 20-07-08 06:37:55; 5;-2
####en; 20-07-08 06:38:00; 74;-31
####it; 20-07-08 06:38:00; 3;4
####br; 20-07-08 06:38:00; 5;-2
####en; 20-07-08 06:38:05; 68;-30
####it; 20-07-08 06:38:05; 3;4
####br; 20-07-08 06:38:05; 5;-2
####en; 20-07-08 06:38:10; 68;-33
####it; 20-07-08 06:38:10; 2;2
####br; 20-07-08 06:38:10; 5;-2
####en; 20-07-08 06:38:15; 66;-24
####it; 20-07-08 06:38:15; 2;2
####br; 20-07-08 06:38:15; 5;-2
####en; 20-07-08 06:38:20; 67;-25
####it; 20-07-08 06:38:20; 2;2
####br; 20-07-08 06:38:20; 5;-2
####en; 20-07-08 06:38:25; 74;-15
####it; 20-07-08 06:38:25; 2;2
####br; 20-07-08 06:38:25; 5;-2
####en; 20-07-08 06:38:30; 71;-13
####it; 20-07-08 06:38:30; 2;2
####br; 20-07-08 06:38:30; 6;-1
####en; 20-07-08 06:38:35; 68;-10
####br; 20-07-08 06:38:35; 5;-2
####en; 20-07-08 06:38:40; 72;-5
####br; 20-07-08 06:38:40; 4;-3
####en; 20-07-08 06:38:45; 79;-4
####br; 20-07-08 06:38:45; 3;-2
####en; 20-07-08 06:38:50; 76;-8
####br; 20-07-08 06:38:50; 2;-1
####en; 20-07-08 06:38:55; 77;-13
####it; 20-07-08 06:38:55; 1;1
####br; 20-07-08 06:38:55; 1;1
####en; 20-07-08 06:39:00; 79;-9
####it; 20-07-08 06:39:00; 1;1
####br; 20-07-08 06:39:00; 1;1
####en; 20-07-08 06:39:05; 79;-7
####it; 20-07-08 06:39:05; 1;1
####br; 20-07-08 06:39:05; 1;1
####en; 20-07-08 06:39:10; 75;-5
####it; 20-07-08 06:39:10; 1;1
####br; 20-07-08 06:39:10; 1;1
####en; 20-07-08 06:39:15; 75;-9
####it; 20-07-08 06:39:15; 1;1
####br; 20-07-08 06:39:15; 1;1
####en; 20-07-08 06:39:20; 75;-15
####it; 20-07-08 06:39:20; 1;1
####br; 20-07-08 06:39:20; 1;1
####en; 20-07-08 06:39:25; 71;-24
####it; 20-07-08 06:39:25; 1;1
####br; 20-07-08 06:39:25; 1;1
####en; 20-07-08 06:39:30; 72;-22
####it; 20-07-08 06:39:30; 1;1
####en; 20-07-08 06:39:35; 75;-23
####it; 20-07-08 06:39:35; 1;1
####en; 20-07-08 06:39:40; 75;-20
####it; 20-07-08 06:39:40; 1;1
####en; 20-07-08 06:39:45; 69;-20
####it; 20-07-08 06:39:45; 1;1
####br; 20-07-08 06:39:45; 1;1
####en; 20-07-08 06:39:50; 69;-16
####it; 20-07-08 06:39:50; 1;1
####br; 20-07-08 06:39:50; 2;2
####en; 20-07-08 06:39:55; 71;-20
####br; 20-07-08 06:39:55; 2;2
####en; 20-07-08 06:40:00; 69;-21
####br; 20-07-08 06:40:00; 2;2
####en; 20-07-08 06:40:05; 72;-19
####br; 20-07-08 06:40:05; 2;2
####en; 20-07-08 06:40:10; 73;-19
####br; 20-07-08 06:40:10; 2;2
####en; 20-07-08 06:40:15; 72;-20
####br; 20-07-08 06:40:15; 2;2
####en; 20-07-08 06:40:20; 72;-12
####br; 20-07-08 06:40:20; 2;2
####en; 20-07-08 06:40:25; 68;-13
####br; 20-07-08 06:40:25; 2;2
####en; 20-07-08 06:40:30; 70;-22
####it; 20-07-08 06:40:30; 1;-1
####br; 20-07-08 06:40:30; 2;2
####en; 20-07-08 06:40:35; 72;-12
####it; 20-07-08 06:40:35; 1;-1
####br; 20-07-08 06:40:35; 2;2
####en; 20-07-08 06:40:40; 77;-26
####it; 20-07-08 06:40:40; 1;-1
####br; 20-07-08 06:40:40; 2;2
####en; 20-07-08 06:40:45; 79;-30
####it; 20-07-08 06:40:45; 1;-1
####br; 20-07-08 06:40:45; 1;1
####en; 20-07-08 06:40:50; 80;-26
####it; 20-07-08 06:40:50; 2;0
####en; 20-07-08 06:40:55; 82;-19
####it; 20-07-08 06:40:55; 2;0
####en; 20-07-08 06:41:00; 82;-18
####it; 20-07-08 06:41:00; 2;0
####en; 20-07-08 06:41:05; 80;-22
####it; 20-07-08 06:41:05; 2;0
####en; 20-07-08 06:41:10; 83;-21
####it; 20-07-08 06:41:10; 3;1
####en; 20-07-08 06:41:15; 86;-13
####it; 20-07-08 06:41:15; 3;1
####en; 20-07-08 06:41:20; 85;-20
####it; 20-07-08 06:41:20; 3;1
####en; 20-07-08 06:41:25; 84;-22
####it; 20-07-08 06:41:25; 3;1
####en; 20-07-08 06:41:30; 80;-15
####it; 20-07-08 06:41:30; 2;2
####en; 20-07-08 06:41:35; 79;-36
####it; 20-07-08 06:41:35; 2;2
####en; 20-07-08 06:41:40; 71;-30
####it; 20-07-08 06:41:40; 2;2
####br; 20-07-08 06:41:40; 1;-1
####en; 20-07-08 06:41:45; 69;-20
####it; 20-07-08 06:41:45; 2;2
####br; 20-07-08 06:41:45; 1;-1
####en; 20-07-08 06:41:50; 69;-29
####it; 20-07-08 06:41:50; 1;1
####br; 20-07-08 06:41:50; 1;-1
####en; 20-07-08 06:41:55; 70;-27
####it; 20-07-08 06:41:55; 1;1
####br; 20-07-08 06:41:55; 1;-1
####en; 20-07-08 06:42:00; 71;-25
####it; 20-07-08 06:42:00; 1;1
####br; 20-07-08 06:42:00; 1;-1
####en; 20-07-08 06:42:05; 72;-22
####it; 20-07-08 06:42:05; 1;1
####br; 20-07-08 06:42:05; 1;-1
####en; 20-07-08 06:42:10; 73;-21
####br; 20-07-08 06:42:10; 1;-1
####en; 20-07-08 06:42:15; 72;-22
####br; 20-07-08 06:42:15; 2;0
####en; 20-07-08 06:42:20; 69;-18
####br; 20-07-08 06:42:20; 3;1
####en; 20-07-08 06:42:25; 68;-19
####br; 20-07-08 06:42:25; 3;1
####en; 20-07-08 06:42:30; 69;-23
####br; 20-07-08 06:42:30; 3;1
####en; 20-07-08 06:42:35; 66;-7
####br; 20-07-08 06:42:35; 3;1
####en; 20-07-08 06:42:40; 72;-7
####br; 20-07-08 06:42:40; 2;2
####en; 20-07-08 06:42:45; 71;-17
####br; 20-07-08 06:42:45; 2;2
####en; 20-07-08 06:42:50; 72;-6
####br; 20-07-08 06:42:50; 2;2
####en; 20-07-08 06:42:55; 71;-12
####it; 20-07-08 06:42:55; 1;1
####br; 20-07-08 06:42:55; 2;2
####en; 20-07-08 06:43:00; 76;-23
####it; 20-07-08 06:43:00; 1;1
####br; 20-07-08 06:43:00; 2;2
####en; 20-07-08 06:43:05; 78;-23
####it; 20-07-08 06:43:05; 1;1
####br; 20-07-08 06:43:05; 2;2
####en; 20-07-08 06:43:10; 78;-28
####it; 20-07-08 06:43:10; 1;1
####br; 20-07-08 06:43:10; 2;2
####en; 20-07-08 06:43:15; 74;-28
####it; 20-07-08 06:43:15; 1;1
####br; 20-07-08 06:43:15; 2;3
####en; 20-07-08 06:43:20; 78;-31
####it; 20-07-08 06:43:20; 1;1
####br; 20-07-08 06:43:20; 1;2
####en; 20-07-08 06:43:25; 83;-21
####it; 20-07-08 06:43:25; 1;1
####br; 20-07-08 06:43:25; 1;2
####en; 20-07-08 06:43:30; 85;-20
####it; 20-07-08 06:43:30; 1;1
####br; 20-07-08 06:43:30; 1;2
####en; 20-07-08 06:43:35; 88;-24
####it; 20-07-08 06:43:35; 1;1
####br; 20-07-08 06:43:35; 1;2
####en; 20-07-08 06:43:40; 88;-21
####it; 20-07-08 06:43:40; 1;1
####br; 20-07-08 06:43:40; 2;1
####en; 20-07-08 06:43:45; 87;-12
####it; 20-07-08 06:43:45; 1;1
####br; 20-07-08 06:43:45; 2;1
####en; 20-07-08 06:43:50; 90;-24
####it; 20-07-08 06:43:50; 1;1
####br; 20-07-08 06:43:50; 2;1
####en; 20-07-08 06:43:55; 91;-25
####br; 20-07-08 06:43:55; 2;1
####en; 20-07-08 06:44:00; 87;-18
####br; 20-07-08 06:44:00; 3;3
####en; 20-07-08 06:44:05; 87;-13
####br; 20-07-08 06:44:05; 3;3
####en; 20-07-08 06:44:10; 88;-9
####br; 20-07-08 06:44:10; 3;3
####en; 20-07-08 06:44:15; 89;-17
####br; 20-07-08 06:44:15; 2;1
####en; 20-07-08 06:44:20; 85;-18
####br; 20-07-08 06:44:20; 2;1
####en; 20-07-08 06:44:25; 85;-18
####it; 20-07-08 06:44:25; 1;-2
####br; 20-07-08 06:44:25; 2;1
####en; 20-07-08 06:44:30; 79;-9
####it; 20-07-08 06:44:30; 1;-2
####br; 20-07-08 06:44:30; 3;-2
####en; 20-07-08 06:44:35; 75;-12
####it; 20-07-08 06:44:35; 1;-2
####br; 20-07-08 06:44:35; 3;-2
####en; 20-07-08 06:44:40; 76;-16
####it; 20-07-08 06:44:40; 1;-2
####br; 20-07-08 06:44:40; 2;-1
####en; 20-07-08 06:44:45; 72;-19
####it; 20-07-08 06:44:45; 1;-2
####br; 20-07-08 06:44:45; 2;-1
####en; 20-07-08 06:44:50; 69;-11
####it; 20-07-08 06:44:50; 1;-2
####br; 20-07-08 06:44:50; 2;-1
####en; 20-07-08 06:44:55; 70;-11
####it; 20-07-08 06:44:55; 1;-2
####br; 20-07-08 06:44:55; 3;-2
####en; 20-07-08 06:45:00; 72;-9
####it; 20-07-08 06:45:00; 1;-2
####br; 20-07-08 06:45:00; 2;-4
####en; 20-07-08 06:45:05; 72;-13
####it; 20-07-08 06:45:05; 1;-2
####br; 20-07-08 06:45:05; 2;-4
####en; 20-07-08 06:45:10; 73;-10
####it; 20-07-08 06:45:10; 2;-1
####br; 20-07-08 06:45:10; 2;-4
####en; 20-07-08 06:45:15; 85;0
####it; 20-07-08 06:45:15; 2;-1
####br; 20-07-08 06:45:15; 2;-4
####en; 20-07-08 06:45:20; 90;9
####it; 20-07-08 06:45:20; 2;-1
####br; 20-07-08 06:45:20; 2;-4
####en; 20-07-08 06:45:25; 87;4
####it; 20-07-08 06:45:25; 1;1
####br; 20-07-08 06:45:25; 2;-4
####en; 20-07-08 06:45:30; 87;-2
####it; 20-07-08 06:45:30; 1;1
####br; 20-07-08 06:45:30; 1;-1
####en; 20-07-08 06:45:35; 90;4
####it; 20-07-08 06:45:35; 1;1
####br; 20-07-08 06:45:35; 1;-1
####en; 20-07-08 06:45:40; 86;8
####it; 20-07-08 06:45:40; 1;1
####br; 20-07-08 06:45:40; 2;0
####en; 20-07-08 06:45:45; 88;10
####it; 20-07-08 06:45:45; 2;2
####br; 20-07-08 06:45:45; 2;0
####en; 20-07-08 06:45:50; 88;4
####it; 20-07-08 06:45:50; 2;2
####br; 20-07-08 06:45:50; 3;1
####en; 20-07-08 06:45:55; 88;11
####it; 20-07-08 06:45:55; 2;2
####br; 20-07-08 06:45:55; 4;4
####en; 20-07-08 06:46:00; 87;1
####it; 20-07-08 06:46:00; 2;2
####br; 20-07-08 06:46:00; 4;4
####en; 20-07-08 06:46:05; 87;3
####it; 20-07-08 06:46:05; 3;1
####br; 20-07-08 06:46:05; 4;4
####en; 20-07-08 06:46:10; 87;1
####it; 20-07-08 06:46:10; 2;0
####br; 20-07-08 06:46:10; 4;4
####en; 20-07-08 06:46:15; 75;-5
####it; 20-07-08 06:46:15; 2;0
####br; 20-07-08 06:46:15; 6;4
####en; 20-07-08 06:46:20; 72;-3
####it; 20-07-08 06:46:20; 2;0
####br; 20-07-08 06:46:20; 6;4
####en; 20-07-08 06:46:25; 68;-3
####it; 20-07-08 06:46:25; 2;0
####br; 20-07-08 06:46:25; 6;4
####en; 20-07-08 06:46:30; 72;-8
####it; 20-07-08 06:46:30; 2;0
####br; 20-07-08 06:46:30; 6;4
####en; 20-07-08 06:46:35; 67;-12
####it; 20-07-08 06:46:35; 2;0
####br; 20-07-08 06:46:35; 6;4
####en; 20-07-08 06:46:40; 65;-9
####it; 20-07-08 06:46:40; 2;0
####br; 20-07-08 06:46:40; 6;4
####en; 20-07-08 06:46:45; 59;-9
####it; 20-07-08 06:46:45; 1;-1
####br; 20-07-08 06:46:45; 6;4
####en; 20-07-08 06:46:50; 59;-3
####it; 20-07-08 06:46:50; 1;-1
####br; 20-07-08 06:46:50; 6;4
####en; 20-07-08 06:46:55; 54;-7
####it; 20-07-08 06:46:55; 1;-1
####br; 20-07-08 06:46:55; 3;1
####en; 20-07-08 06:47:00; 54;4
####it; 20-07-08 06:47:00; 1;-1
####br; 20-07-08 06:47:00; 3;1
####en; 20-07-08 06:47:05; 55;-3
####br; 20-07-08 06:47:05; 3;1
####en; 20-07-08 06:47:10; 55;-5
####br; 20-07-08 06:47:10; 4;0
####en; 20-07-08 06:47:15; 56;-2
####br; 20-07-08 06:47:15; 2;0
####en; 20-07-08 06:47:20; 56;-5
####it; 20-07-08 06:47:20; 1;-2
####br; 20-07-08 06:47:20; 2;0
####en; 20-07-08 06:47:25; 62;2
####it; 20-07-08 06:47:25; 1;-2
####br; 20-07-08 06:47:25; 2;0
####en; 20-07-08 06:47:30; 62;6
####it; 20-07-08 06:47:30; 1;-2
####br; 20-07-08 06:47:30; 3;-2
####en; 20-07-08 06:47:35; 66;11
####it; 20-07-08 06:47:35; 2;-1
####br; 20-07-08 06:47:35; 3;-2
####en; 20-07-08 06:47:40; 71;6
####it; 20-07-08 06:47:40; 2;-1
####br; 20-07-08 06:47:40; 3;-1
####en; 20-07-08 06:47:45; 74;8
####it; 20-07-08 06:47:45; 2;-1
####br; 20-07-08 06:47:45; 3;-1
####en; 20-07-08 06:47:50; 73;6
####it; 20-07-08 06:47:50; 3;0
####br; 20-07-08 06:47:50; 3;-1
####en; 20-07-08 06:47:55; 75;5
####it; 20-07-08 06:47:55; 3;0
####br; 20-07-08 06:47:55; 4;-3
####en; 20-07-08 06:48:00; 72;6
####it; 20-07-08 06:48:00; 3;0
####br; 20-07-08 06:48:00; 5;-2
####en; 20-07-08 06:48:05; 69;16
####it; 20-07-08 06:48:05; 3;0
####br; 20-07-08 06:48:05; 6;-4
####en; 20-07-08 06:48:10; 67;16
####it; 20-07-08 06:48:10; 3;0
####br; 20-07-08 06:48:10; 6;-2
####en; 20-07-08 06:48:15; 71;8
####it; 20-07-08 06:48:15; 3;0
####br; 20-07-08 06:48:15; 6;-2
####en; 20-07-08 06:48:20; 72;21
####it; 20-07-08 06:48:20; 2;2
####br; 20-07-08 06:48:20; 6;-2
####en; 20-07-08 06:48:25; 67;23
####it; 20-07-08 06:48:25; 2;2
####br; 20-07-08 06:48:25; 7;-1
####en; 20-07-08 06:48:30; 72;27
####it; 20-07-08 06:48:30; 2;2
####br; 20-07-08 06:48:30; 8;-2
####en; 20-07-08 06:48:35; 73;27
####it; 20-07-08 06:48:35; 1;1
####br; 20-07-08 06:48:35; 8;-2
####en; 20-07-08 06:48:40; 70;31
####it; 20-07-08 06:48:40; 1;1
####br; 20-07-08 06:48:40; 7;-4
####en; 20-07-08 06:48:45; 71;26
####it; 20-07-08 06:48:45; 1;1
####br; 20-07-08 06:48:45; 7;-4
####en; 20-07-08 06:48:50; 73;34
####br; 20-07-08 06:48:50; 7;-4
####en; 20-07-08 06:48:55; 74;38
####br; 20-07-08 06:48:55; 7;-1
####en; 20-07-08 06:49:00; 79;29
####br; 20-07-08 06:49:00; 6;-2
####en; 20-07-08 06:49:05; 81;33
####br; 20-07-08 06:49:05; 5;0
####en; 20-07-08 06:49:10; 79;29
####br; 20-07-08 06:49:10; 4;2
####en; 20-07-08 06:49:15; 73;34
####br; 20-07-08 06:49:15; 4;2
####en; 20-07-08 06:49:20; 69;25
####br; 20-07-08 06:49:20; 4;2
####en; 20-07-08 06:49:25; 71;19
####it; 20-07-08 06:49:25; 1;1
####br; 20-07-08 06:49:25; 3;1
####en; 20-07-08 06:49:30; 65;15
####it; 20-07-08 06:49:30; 1;1
####br; 20-07-08 06:49:30; 2;2
####en; 20-07-08 06:49:35; 64;7
####it; 20-07-08 06:49:35; 2;2
####br; 20-07-08 06:49:35; 2;2
####en; 20-07-08 06:49:40; 65;4
####it; 20-07-08 06:49:40; 2;2
####br; 20-07-08 06:49:40; 3;1
####en; 20-07-08 06:49:45; 67;-1
####it; 20-07-08 06:49:45; 2;2
####br; 20-07-08 06:49:45; 4;-1
####en; 20-07-08 06:49:50; 68;-12
####it; 20-07-08 06:49:50; 2;2
####br; 20-07-08 06:49:50; 4;-1
####en; 20-07-08 06:49:55; 69;-17
####it; 20-07-08 06:49:55; 2;2
####br; 20-07-08 06:49:55; 3;-2
####en; 20-07-08 06:50:00; 68;-13
####it; 20-07-08 06:50:00; 2;2
####br; 20-07-08 06:50:00; 3;-2
####en; 20-07-08 06:50:05; 65;-25
####it; 20-07-08 06:50:05; 2;2
####br; 20-07-08 06:50:05; 4;0
####en; 20-07-08 06:50:10; 66;-17
####it; 20-07-08 06:50:10; 2;2
####br; 20-07-08 06:50:10; 4;0
####en; 20-07-08 06:50:15; 70;-21
####it; 20-07-08 06:50:15; 2;2
####br; 20-07-08 06:50:15; 4;0
####en; 20-07-08 06:50:20; 72;-14
####it; 20-07-08 06:50:20; 2;2
####br; 20-07-08 06:50:20; 4;0
####en; 20-07-08 06:50:25; 71;-5
####it; 20-07-08 06:50:25; 2;2
####br; 20-07-08 06:50:25; 4;0
####en; 20-07-08 06:50:30; 70;-4
####it; 20-07-08 06:50:30; 2;2
####br; 20-07-08 06:50:30; 4;0
####en; 20-07-08 06:50:35; 71;1
####it; 20-07-08 06:50:35; 1;1
####br; 20-07-08 06:50:35; 4;0
####en; 20-07-08 06:50:40; 69;4
####it; 20-07-08 06:50:40; 1;1
####br; 20-07-08 06:50:40; 3;1
####en; 20-07-08 06:50:45; 69;8
####it; 20-07-08 06:50:45; 1;1
####br; 20-07-08 06:50:45; 2;3
####en; 20-07-08 06:50:50; 73;13
####it; 20-07-08 06:50:50; 1;1
####br; 20-07-08 06:50:50; 2;3
####en; 20-07-08 06:50:55; 75;7
####it; 20-07-08 06:50:55; 1;1
####br; 20-07-08 06:50:55; 2;3
####en; 20-07-08 06:51:00; 79;-5
####it; 20-07-08 06:51:00; 2;0
####br; 20-07-08 06:51:00; 2;3
####en; 20-07-08 06:51:05; 84;1
####it; 20-07-08 06:51:05; 2;0
####br; 20-07-08 06:51:05; 2;-1
####en; 20-07-08 06:51:10; 81;-6
####it; 20-07-08 06:51:10; 2;0
####br; 20-07-08 06:51:10; 2;-1
####en; 20-07-08 06:51:15; 78;-5
####it; 20-07-08 06:51:15; 2;0
####br; 20-07-08 06:51:15; 2;-1
####en; 20-07-08 06:51:20; 77;-11
####it; 20-07-08 06:51:20; 3;1
####br; 20-07-08 06:51:20; 2;-1
####en; 20-07-08 06:51:25; 79;-25
####it; 20-07-08 06:51:25; 2;0
####br; 20-07-08 06:51:25; 4;-1
####en; 20-07-08 06:51:30; 81;-26
####it; 20-07-08 06:51:30; 3;-1
####br; 20-07-08 06:51:30; 4;-1
####en; 20-07-08 06:51:35; 79;-27
####it; 20-07-08 06:51:35; 3;-1
####br; 20-07-08 06:51:35; 4;-1
####en; 20-07-08 06:51:40; 81;-29
####it; 20-07-08 06:51:40; 3;-1
####br; 20-07-08 06:51:40; 4;-1
####en; 20-07-08 06:51:45; 77;-32
####it; 20-07-08 06:51:45; 3;-1
####br; 20-07-08 06:51:45; 4;-1
####en; 20-07-08 06:51:50; 77;-32
####it; 20-07-08 06:51:50; 3;-1
####br; 20-07-08 06:51:50; 4;-1
####en; 20-07-08 06:51:55; 76;-24
####it; 20-07-08 06:51:55; 3;-1
####br; 20-07-08 06:51:55; 4;-1
####en; 20-07-08 06:52:00; 78;-21
####it; 20-07-08 06:52:00; 2;0
####br; 20-07-08 06:52:00; 4;-1
####en; 20-07-08 06:52:05; 74;-18
####it; 20-07-08 06:52:05; 2;0
####br; 20-07-08 06:52:05; 3;1
####en; 20-07-08 06:52:10; 78;-18
####it; 20-07-08 06:52:10; 3;-1
####br; 20-07-08 06:52:10; 3;1
####en; 20-07-08 06:52:15; 76;-11
####it; 20-07-08 06:52:15; 3;-1
####br; 20-07-08 06:52:15; 2;0
####en; 20-07-08 06:52:20; 79;-16
####it; 20-07-08 06:52:20; 2;-2
####br; 20-07-08 06:52:20; 3;-1
####en; 20-07-08 06:52:25; 77;-9
####it; 20-07-08 06:52:25; 2;-2
####br; 20-07-08 06:52:25; 1;-1
####en; 20-07-08 06:52:30; 72;-9
####it; 20-07-08 06:52:30; 1;-1
####br; 20-07-08 06:52:30; 1;-1
####en; 20-07-08 06:52:35; 72;-9
####it; 20-07-08 06:52:35; 1;-1
####br; 20-07-08 06:52:35; 1;-1
####en; 20-07-08 06:52:40; 76;-12
####it; 20-07-08 06:52:40; 1;-1
####br; 20-07-08 06:52:40; 1;-1
####en; 20-07-08 06:52:45; 84;-17
####it; 20-07-08 06:52:45; 1;-1
####br; 20-07-08 06:52:45; 1;-1
####en; 20-07-08 06:52:50; 81;-19
####it; 20-07-08 06:52:50; 1;-1
####br; 20-07-08 06:52:50; 1;-1
####en; 20-07-08 06:52:55; 82;-27
####it; 20-07-08 06:52:55; 1;-1
####br; 20-07-08 06:52:55; 1;-1
####en; 20-07-08 06:53:00; 80;-18
####it; 20-07-08 06:53:00; 1;-1
####br; 20-07-08 06:53:00; 1;-1
####en; 20-07-08 06:53:05; 79;-23
####it; 20-07-08 06:53:05; 1;-1
####br; 20-07-08 06:53:05; 2;-2
####en; 20-07-08 06:53:10; 80;-24
####br; 20-07-08 06:53:10; 3;-3
####en; 20-07-08 06:53:15; 80;-30
####br; 20-07-08 06:53:15; 3;-3
####en; 20-07-08 06:53:20; 78;-25
####br; 20-07-08 06:53:20; 3;-1
####en; 20-07-08 06:53:25; 77;-27
####br; 20-07-08 06:53:25; 3;-1
####en; 20-07-08 06:53:30; 80;-22
####br; 20-07-08 06:53:30; 3;-1
####en; 20-07-08 06:53:35; 83;-21
####br; 20-07-08 06:53:35; 3;-1
####en; 20-07-08 06:53:40; 76;-27
####br; 20-07-08 06:53:40; 3;-1
####en; 20-07-08 06:53:45; 74;-24
####br; 20-07-08 06:53:45; 3;-1
####en; 20-07-08 06:53:50; 70;-21
####br; 20-07-08 06:53:50; 3;-1
####en; 20-07-08 06:53:55; 68;-14
####br; 20-07-08 06:53:55; 3;-1
####en; 20-07-08 06:54:00; 70;-15
####br; 20-07-08 06:54:00; 3;-1
####en; 20-07-08 06:54:05; 70;-17
####br; 20-07-08 06:54:05; 2;0
####en; 20-07-08 06:54:10; 67;-18
####br; 20-07-08 06:54:10; 1;1
####en; 20-07-08 06:54:15; 73;-10
####br; 20-07-08 06:54:15; 1;1
####en; 20-07-08 06:54:20; 76;-11
####it; 20-07-08 06:54:20; 1;2
####br; 20-07-08 06:54:20; 3;3
####en; 20-07-08 06:54:25; 79;-13
####it; 20-07-08 06:54:25; 1;2
####br; 20-07-08 06:54:25; 3;3
####en; 20-07-08 06:54:30; 82;-10
####it; 20-07-08 06:54:30; 1;2
####br; 20-07-08 06:54:30; 3;3
####en; 20-07-08 06:54:35; 82;-9
####it; 20-07-08 06:54:35; 1;2
####br; 20-07-08 06:54:35; 3;3
####en; 20-07-08 06:54:40; 85;-12
####it; 20-07-08 06:54:40; 1;2
####br; 20-07-08 06:54:40; 3;3
####en; 20-07-08 06:54:45; 86;-11
####it; 20-07-08 06:54:45; 1;2
####br; 20-07-08 06:54:45; 3;3
####en; 20-07-08 06:54:50; 89;-10
####it; 20-07-08 06:54:50; 1;2
####br; 20-07-08 06:54:50; 6;4
####en; 20-07-08 06:54:55; 88;-5
####it; 20-07-08 06:54:55; 1;2
####br; 20-07-08 06:54:55; 6;4
####en; 20-07-08 06:55:00; 86;-7
####it; 20-07-08 06:55:00; 1;2
####br; 20-07-08 06:55:00; 6;4
####en; 20-07-08 06:55:05; 88;-20
####it; 20-07-08 06:55:05; 1;2
####br; 20-07-08 06:55:05; 6;4
####en; 20-07-08 06:55:10; 90;-20
####it; 20-07-08 06:55:10; 2;3
####br; 20-07-08 06:55:10; 7;5
####en; 20-07-08 06:55:15; 89;-24
####it; 20-07-08 06:55:15; 2;3
####br; 20-07-08 06:55:15; 9;0
####en; 20-07-08 06:55:20; 87;-28
####it; 20-07-08 06:55:20; 1;1
####br; 20-07-08 06:55:20; 8;-5
####en; 20-07-08 06:55:25; 88;-27
####it; 20-07-08 06:55:25; 1;1
####br; 20-07-08 06:55:25; 8;-5
####en; 20-07-08 06:55:30; 89;-29
####it; 20-07-08 06:55:30; 2;2
####br; 20-07-08 06:55:30; 9;-6
####en; 20-07-08 06:55:35; 91;-29
####it; 20-07-08 06:55:35; 3;1
####br; 20-07-08 06:55:35; 9;-6
####en; 20-07-08 06:55:40; 87;-22
####it; 20-07-08 06:55:40; 3;1
####br; 20-07-08 06:55:40; 9;-6
####en; 20-07-08 06:55:45; 89;-20
####it; 20-07-08 06:55:45; 3;1
####br; 20-07-08 06:55:45; 10;-5
####en; 20-07-08 06:55:50; 91;-21
####it; 20-07-08 06:55:50; 3;1
####br; 20-07-08 06:55:50; 7;-6
####en; 20-07-08 06:55:55; 95;-19
####it; 20-07-08 06:55:55; 3;1
####br; 20-07-08 06:55:55; 7;-6
####en; 20-07-08 06:56:00; 94;-27
####it; 20-07-08 06:56:00; 3;1
####br; 20-07-08 06:56:00; 7;-6
####en; 20-07-08 06:56:05; 93;-14
####it; 20-07-08 06:56:05; 3;1
####br; 20-07-08 06:56:05; 9;-6
####en; 20-07-08 06:56:10; 103;-10
####it; 20-07-08 06:56:10; 2;0
####br; 20-07-08 06:56:10; 8;-7
####en; 20-07-08 06:56:15; 104;-14
####it; 20-07-08 06:56:15; 2;0
####br; 20-07-08 06:56:15; 6;-2
####en; 20-07-08 06:56:20; 97;-12
####it; 20-07-08 06:56:20; 2;0
####br; 20-07-08 06:56:20; 5;-1
####en; 20-07-08 06:56:25; 94;-14
####it; 20-07-08 06:56:25; 2;0
####br; 20-07-08 06:56:25; 5;-1
####en; 20-07-08 06:56:30; 87;-12
####it; 20-07-08 06:56:30; 1;-1
####br; 20-07-08 06:56:30; 5;1
####en; 20-07-08 06:56:35; 87;-8
####br; 20-07-08 06:56:35; 6;0
####en; 20-07-08 06:56:40; 92;-16
####br; 20-07-08 06:56:40; 7;1
####en; 20-07-08 06:56:45; 84;-13
####br; 20-07-08 06:56:45; 7;-2
####en; 20-07-08 06:56:50; 78;-16
####br; 20-07-08 06:56:50; 10;-4
####en; 20-07-08 06:56:55; 75;-16
####it; 20-07-08 06:56:55; 1;-1
####br; 20-07-08 06:56:55; 10;-4
####en; 20-07-08 06:57:00; 76;-6
####it; 20-07-08 06:57:00; 1;-1
####br; 20-07-08 06:57:00; 10;-4
####en; 20-07-08 06:57:05; 77;-10
####it; 20-07-08 06:57:05; 1;-1
####br; 20-07-08 06:57:05; 9;-5
####en; 20-07-08 06:57:10; 67;-15
####it; 20-07-08 06:57:10; 2;0
####br; 20-07-08 06:57:10; 8;-4
####en; 20-07-08 06:57:15; 63;-13
####it; 20-07-08 06:57:15; 2;0
####br; 20-07-08 06:57:15; 8;-4
####en; 20-07-08 06:57:20; 67;-15
####it; 20-07-08 06:57:20; 2;0
####br; 20-07-08 06:57:20; 7;-3
####en; 20-07-08 06:57:25; 68;-8
####it; 20-07-08 06:57:25; 2;0
####br; 20-07-08 06:57:25; 7;-3
####en; 20-07-08 06:57:30; 73;-6
####it; 20-07-08 06:57:30; 2;0
####br; 20-07-08 06:57:30; 8;-4
####en; 20-07-08 06:57:35; 75;-11
####it; 20-07-08 06:57:35; 2;0
####br; 20-07-08 06:57:35; 7;-3
####en; 20-07-08 06:57:40; 74;-6
####it; 20-07-08 06:57:40; 2;0
####br; 20-07-08 06:57:40; 6;-4
####en; 20-07-08 06:57:45; 80;-3
####it; 20-07-08 06:57:45; 2;0
####br; 20-07-08 06:57:45; 5;-2
####en; 20-07-08 06:57:50; 80;-13
####it; 20-07-08 06:57:50; 2;0
####br; 20-07-08 06:57:50; 3;1
####en; 20-07-08 06:57:55; 83;-31
####it; 20-07-08 06:57:55; 2;-1
####br; 20-07-08 06:57:55; 3;1
####en; 20-07-08 06:58:00; 86;-32
####it; 20-07-08 06:58:00; 2;-1
####br; 20-07-08 06:58:00; 3;-1
####en; 20-07-08 06:58:05; 83;-31
####it; 20-07-08 06:58:05; 2;-1
####br; 20-07-08 06:58:05; 3;-1
####en; 20-07-08 06:58:10; 82;-30
####it; 20-07-08 06:58:10; 2;-1
####br; 20-07-08 06:58:10; 2;-2
####en; 20-07-08 06:58:15; 87;-34
####it; 20-07-08 06:58:15; 3;-2
####br; 20-07-08 06:58:15; 2;-2
####en; 20-07-08 06:58:20; 89;-38
####it; 20-07-08 06:58:20; 3;-2
####br; 20-07-08 06:58:20; 2;-2
####en; 20-07-08 06:58:25; 87;-38
####it; 20-07-08 06:58:25; 3;-2
####br; 20-07-08 06:58:25; 2;-2
####en; 20-07-08 06:58:30; 91;-41
####it; 20-07-08 06:58:30; 5;0
####br; 20-07-08 06:58:30; 1;-1
####en; 20-07-08 06:58:35; 86;-38
####it; 20-07-08 06:58:35; 6;1
####br; 20-07-08 06:58:35; 1;-1
####en; 20-07-08 06:58:40; 87;-37
####it; 20-07-08 06:58:40; 6;1
####br; 20-07-08 06:58:40; 1;-1
####en; 20-07-08 06:58:45; 83;-41
####it; 20-07-08 06:58:45; 6;1
####br; 20-07-08 06:58:45; 1;-1
####en; 20-07-08 06:58:50; 86;-25
####it; 20-07-08 06:58:50; 7;0
####br; 20-07-08 06:58:50; 2;0
####en; 20-07-08 06:58:55; 82;-6
####it; 20-07-08 06:58:55; 7;3
####br; 20-07-08 06:58:55; 2;0
####en; 20-07-08 06:59:00; 79;-12
####it; 20-07-08 06:59:00; 7;3
####br; 20-07-08 06:59:00; 2;-1
####en; 20-07-08 06:59:05; 81;-12
####it; 20-07-08 06:59:05; 7;3
####br; 20-07-08 06:59:05; 3;1
####en; 20-07-08 06:59:10; 82;-13
####it; 20-07-08 06:59:10; 6;2
####br; 20-07-08 06:59:10; 3;1
####en; 20-07-08 06:59:15; 86;-14
####it; 20-07-08 06:59:15; 5;3
####br; 20-07-08 06:59:15; 3;1
####en; 20-07-08 06:59:20; 88;-11
####it; 20-07-08 06:59:20; 5;3
####br; 20-07-08 06:59:20; 3;1
####en; 20-07-08 06:59:25; 87;-11
####it; 20-07-08 06:59:25; 5;3
####br; 20-07-08 06:59:25; 3;1
####en; 20-07-08 06:59:30; 79;-9
####it; 20-07-08 06:59:30; 3;1
####br; 20-07-08 06:59:30; 3;1
####en; 20-07-08 06:59:35; 79;-8
####it; 20-07-08 06:59:35; 2;0
####br; 20-07-08 06:59:35; 3;1
####en; 20-07-08 06:59:40; 73;-12
####it; 20-07-08 06:59:40; 2;0
####br; 20-07-08 06:59:40; 3;1
####en; 20-07-08 06:59:45; 78;-17
####it; 20-07-08 06:59:45; 2;0
####br; 20-07-08 06:59:45; 4;2
####en; 20-07-08 06:59:50; 75;-27
####it; 20-07-08 06:59:50; 1;1
####br; 20-07-08 06:59:50; 4;2
####en; 20-07-08 06:59:55; 79;-26
####it; 20-07-08 06:59:55; 1;1
####br; 20-07-08 06:59:55; 5;3
####en; 20-07-08 07:00:00; 75;-24
####it; 20-07-08 07:00:00; 1;1
####br; 20-07-08 07:00:00; 4;5
####en; 20-07-08 07:00:05; 75;-21
####it; 20-07-08 07:00:05; 1;1
####br; 20-07-08 07:00:05; 3;3
####en; 20-07-08 07:00:10; 86;-5
####it; 20-07-08 07:00:10; 1;1
####br; 20-07-08 07:00:10; 5;5
####en; 20-07-08 07:00:15; 81;-2
####it; 20-07-08 07:00:15; 1;1
####br; 20-07-08 07:00:15; 5;5
####en; 20-07-08 07:00:20; 82;-4
####it; 20-07-08 07:00:20; 1;1
####br; 20-07-08 07:00:20; 5;5
####en; 20-07-08 07:00:25; 89;-13
####it; 20-07-08 07:00:25; 1;1
####br; 20-07-08 07:00:25; 5;5
####en; 20-07-08 07:00:30; 96;-10
####it; 20-07-08 07:00:30; 1;1
####br; 20-07-08 07:00:30; 5;5
####en; 20-07-08 07:00:35; 100;-7
####it; 20-07-08 07:00:35; 1;1
####br; 20-07-08 07:00:35; 5;5
####en; 20-07-08 07:00:40; 107;-15
####it; 20-07-08 07:00:40; 1;1
####br; 20-07-08 07:00:40; 5;5
####en; 20-07-08 07:00:45; 103;-19
####it; 20-07-08 07:00:45; 2;2
####br; 20-07-08 07:00:45; 4;4
####en; 20-07-08 07:00:50; 105;-17
####it; 20-07-08 07:00:50; 2;2
####br; 20-07-08 07:00:50; 4;4
####en; 20-07-08 07:00:55; 105;-27
####it; 20-07-08 07:00:55; 1;1
####br; 20-07-08 07:00:55; 2;2
####en; 20-07-08 07:01:00; 110;-22
####it; 20-07-08 07:01:00; 1;1
####br; 20-07-08 07:01:00; 2;2
####en; 20-07-08 07:01:05; 106;-18
####it; 20-07-08 07:01:05; 1;1
####br; 20-07-08 07:01:05; 2;2
####en; 20-07-08 07:01:10; 95;-31
####it; 20-07-08 07:01:10; 1;1
####br; 20-07-08 07:01:10; 1;1
####en; 20-07-08 07:01:15; 98;-31
####it; 20-07-08 07:01:15; 1;1
####br; 20-07-08 07:01:15; 2;2
####en; 20-07-08 07:01:20; 97;-37
####it; 20-07-08 07:01:20; 1;1
####br; 20-07-08 07:01:20; 2;2
####en; 20-07-08 07:01:25; 94;-27
####it; 20-07-08 07:01:25; 1;1
####br; 20-07-08 07:01:25; 2;2
####en; 20-07-08 07:01:30; 92;-27
####it; 20-07-08 07:01:30; 1;1
####br; 20-07-08 07:01:30; 3;3
####en; 20-07-08 07:01:35; 92;-29
####it; 20-07-08 07:01:35; 1;1
####br; 20-07-08 07:01:35; 4;1
####en; 20-07-08 07:01:40; 88;-25
####it; 20-07-08 07:01:40; 1;1
####br; 20-07-08 07:01:40; 4;1
####en; 20-07-08 07:01:45; 93;-14
####br; 20-07-08 07:01:45; 5;-1
####en; 20-07-08 07:01:50; 95;-5
####it; 20-07-08 07:01:50; 1;-1
####br; 20-07-08 07:01:50; 5;-1
####en; 20-07-08 07:01:55; 91;1
####it; 20-07-08 07:01:55; 1;-1
####br; 20-07-08 07:01:55; 5;-1
####en; 20-07-08 07:02:00; 94;-7
####it; 20-07-08 07:02:00; 1;-1
####br; 20-07-08 07:02:00; 5;-1
####en; 20-07-08 07:02:05; 94;-9
####it; 20-07-08 07:02:05; 1;-1
####br; 20-07-08 07:02:05; 5;-1
####en; 20-07-08 07:02:10; 95;-10
####it; 20-07-08 07:02:10; 1;-1
####br; 20-07-08 07:02:10; 6;-4
####en; 20-07-08 07:02:15; 90;-19
####it; 20-07-08 07:02:15; 1;-1
####br; 20-07-08 07:02:15; 7;-3
####en; 20-07-08 07:02:20; 91;-13
####it; 20-07-08 07:02:20; 1;-1
####br; 20-07-08 07:02:20; 8;-2
####en; 20-07-08 07:02:25; 91;-10
####it; 20-07-08 07:02:25; 1;-1
####br; 20-07-08 07:02:25; 8;-2
####en; 20-07-08 07:02:30; 96;-11
####it; 20-07-08 07:02:30; 1;-1
####br; 20-07-08 07:02:30; 7;-3
####en; 20-07-08 07:02:35; 93;-12
####it; 20-07-08 07:02:35; 1;-1
####br; 20-07-08 07:02:35; 6;-1
####en; 20-07-08 07:02:40; 98;-10
####it; 20-07-08 07:02:40; 3;-3
####br; 20-07-08 07:02:40; 6;-1
####en; 20-07-08 07:02:45; 94;-21
####it; 20-07-08 07:02:45; 4;-2
####br; 20-07-08 07:02:45; 5;1
####en; 20-07-08 07:02:50; 88;-33
####it; 20-07-08 07:02:50; 3;-1
####br; 20-07-08 07:02:50; 4;0
####en; 20-07-08 07:02:55; 88;-33
####it; 20-07-08 07:02:55; 3;-1
####br; 20-07-08 07:02:55; 5;1
####en; 20-07-08 07:03:00; 85;-32
####it; 20-07-08 07:03:00; 3;-1
####br; 20-07-08 07:03:00; 6;0
####en; 20-07-08 07:03:05; 86;-27
####it; 20-07-08 07:03:05; 3;-1
####br; 20-07-08 07:03:05; 6;0
####en; 20-07-08 07:03:10; 89;-26
####it; 20-07-08 07:03:10; 3;-1
####br; 20-07-08 07:03:10; 5;3
####en; 20-07-08 07:03:15; 93;-33
####it; 20-07-08 07:03:15; 3;-1
####br; 20-07-08 07:03:15; 5;3
####en; 20-07-08 07:03:20; 93;-32
####it; 20-07-08 07:03:20; 3;-1
####br; 20-07-08 07:03:20; 5;3
####en; 20-07-08 07:03:25; 98;-36
####it; 20-07-08 07:03:25; 3;-1
####br; 20-07-08 07:03:25; 5;3
####en; 20-07-08 07:03:30; 94;-38
####it; 20-07-08 07:03:30; 3;-1
####br; 20-07-08 07:03:30; 5;3
####en; 20-07-08 07:03:35; 97;-34
####it; 20-07-08 07:03:35; 3;-1
####br; 20-07-08 07:03:35; 5;3
####en; 20-07-08 07:03:40; 95;-30
####it; 20-07-08 07:03:40; 1;1
####br; 20-07-08 07:03:40; 5;3
####en; 20-07-08 07:03:45; 93;-20
####br; 20-07-08 07:03:45; 5;3
####en; 20-07-08 07:03:50; 90;-9
####br; 20-07-08 07:03:50; 4;2
####en; 20-07-08 07:03:55; 92;-15
####br; 20-07-08 07:03:55; 3;1
####en; 20-07-08 07:04:00; 93;-2
####br; 20-07-08 07:04:00; 2;2
####en; 20-07-08 07:04:05; 95;-1
####br; 20-07-08 07:04:05; 2;2
####en; 20-07-08 07:04:10; 92;5
####br; 20-07-08 07:04:10; 3;3
####en; 20-07-08 07:04:15; 89;12
####br; 20-07-08 07:04:15; 2;2
####en; 20-07-08 07:04:20; 89;11
####br; 20-07-08 07:04:20; 1;1
####en; 20-07-08 07:04:25; 82;16
####br; 20-07-08 07:04:25; 1;1
####en; 20-07-08 07:04:30; 87;7
####br; 20-07-08 07:04:30; 1;1
####en; 20-07-08 07:04:35; 88;-6
####br; 20-07-08 07:04:35; 1;1
####en; 20-07-08 07:04:40; 84;-5
####br; 20-07-08 07:04:40; 1;1
####en; 20-07-08 07:04:45; 83;-12
####br; 20-07-08 07:04:45; 1;1
####en; 20-07-08 07:04:50; 83;-12
####br; 20-07-08 07:04:50; 1;1
####en; 20-07-08 07:04:55; 81;-7
####br; 20-07-08 07:04:55; 1;1
####en; 20-07-08 07:05:00; 81;-17
####br; 20-07-08 07:05:00; 1;1
####en; 20-07-08 07:05:05; 76;-23
####br; 20-07-08 07:05:05; 1;1
####en; 20-07-08 07:05:10; 75;-31
####br; 20-07-08 07:05:10; 1;1
####en; 20-07-08 07:05:15; 79;-21
####br; 20-07-08 07:05:15; 1;1
####en; 20-07-08 07:05:20; 78;-18
####br; 20-07-08 07:05:20; 1;1
####en; 20-07-08 07:05:25; 79;-26
####br; 20-07-08 07:05:25; 2;2
####en; 20-07-08 07:05:30; 81;-15
####it; 20-07-08 07:05:30; 1;1
####br; 20-07-08 07:05:30; 2;2
####en; 20-07-08 07:05:35; 87;-9
####it; 20-07-08 07:05:35; 1;1
####br; 20-07-08 07:05:35; 1;1
####en; 20-07-08 07:05:40; 88;-13
####it; 20-07-08 07:05:40; 1;1
####br; 20-07-08 07:05:40; 1;1
####en; 20-07-08 07:05:45; 90;-17
####it; 20-07-08 07:05:45; 1;1
####br; 20-07-08 07:05:45; 1;1
####en; 20-07-08 07:05:50; 90;-21
####it; 20-07-08 07:05:50; 1;1
####br; 20-07-08 07:05:50; 1;1
####en; 20-07-08 07:05:55; 84;-27
####it; 20-07-08 07:05:55; 1;1
####br; 20-07-08 07:05:55; 1;1
####en; 20-07-08 07:06:00; 83;-24
####it; 20-07-08 07:06:00; 1;1
####br; 20-07-08 07:06:00; 1;1
####en; 20-07-08 07:06:05; 80;-22
####it; 20-07-08 07:06:05; 1;1
####br; 20-07-08 07:06:05; 1;1
####en; 20-07-08 07:06:10; 85;-24
####it; 20-07-08 07:06:10; 1;1
####br; 20-07-08 07:06:10; 2;2
####en; 20-07-08 07:06:15; 85;-36
####it; 20-07-08 07:06:15; 2;3
####br; 20-07-08 07:06:15; 2;2
####en; 20-07-08 07:06:20; 86;-37
####it; 20-07-08 07:06:20; 2;3
####br; 20-07-08 07:06:20; 2;2
####en; 20-07-08 07:06:25; 82;-32
####it; 20-07-08 07:06:25; 2;3
####br; 20-07-08 07:06:25; 1;1
####en; 20-07-08 07:06:30; 77;-27
####it; 20-07-08 07:06:30; 2;3
####br; 20-07-08 07:06:30; 1;1
####en; 20-07-08 07:06:35; 67;-22
####it; 20-07-08 07:06:35; 2;3
####br; 20-07-08 07:06:35; 1;1
####en; 20-07-08 07:06:40; 65;-17
####it; 20-07-08 07:06:40; 2;3
####br; 20-07-08 07:06:40; 1;1
####en; 20-07-08 07:06:45; 58;-10
####it; 20-07-08 07:06:45; 2;3
####br; 20-07-08 07:06:45; 1;1
####en; 20-07-08 07:06:50; 65;-3
####it; 20-07-08 07:06:50; 2;3
####br; 20-07-08 07:06:50; 1;1
####en; 20-07-08 07:06:55; 68;10
####it; 20-07-08 07:06:55; 2;3
####br; 20-07-08 07:06:55; 1;1
####en; 20-07-08 07:07:00; 68;3
####it; 20-07-08 07:07:00; 2;3
####br; 20-07-08 07:07:00; 3;1
####en; 20-07-08 07:07:05; 71;1
####it; 20-07-08 07:07:05; 3;2
####br; 20-07-08 07:07:05; 3;1
####en; 20-07-08 07:07:10; 74;5
####it; 20-07-08 07:07:10; 3;2
####br; 20-07-08 07:07:10; 2;0
####en; 20-07-08 07:07:15; 72;12
####it; 20-07-08 07:07:15; 2;0
####br; 20-07-08 07:07:15; 2;0
####en; 20-07-08 07:07:20; 68;11
####it; 20-07-08 07:07:20; 2;0
####br; 20-07-08 07:07:20; 2;0
####en; 20-07-08 07:07:25; 76;14
####it; 20-07-08 07:07:25; 2;0
####br; 20-07-08 07:07:25; 3;-1
####en; 20-07-08 07:07:30; 73;11
####it; 20-07-08 07:07:30; 2;-2
####br; 20-07-08 07:07:30; 4;0
####en; 20-07-08 07:07:35; 71;8
####it; 20-07-08 07:07:35; 2;-2
####br; 20-07-08 07:07:35; 4;0
####en; 20-07-08 07:07:40; 77;11
####it; 20-07-08 07:07:40; 2;-2
####br; 20-07-08 07:07:40; 4;0
####en; 20-07-08 07:07:45; 83;10
####it; 20-07-08 07:07:45; 2;-2
####br; 20-07-08 07:07:45; 4;0
####en; 20-07-08 07:07:50; 77;-7
####it; 20-07-08 07:07:50; 2;-2
####br; 20-07-08 07:07:50; 4;0
####en; 20-07-08 07:07:55; 79;-16
####it; 20-07-08 07:07:55; 2;-2
####br; 20-07-08 07:07:55; 4;0
####en; 20-07-08 07:08:00; 78;-10
####it; 20-07-08 07:08:00; 2;-2
####br; 20-07-08 07:08:00; 2;0
####en; 20-07-08 07:08:05; 78;-14
####it; 20-07-08 07:08:05; 1;-1
####br; 20-07-08 07:08:05; 2;0
####en; 20-07-08 07:08:10; 76;-20
####it; 20-07-08 07:08:10; 1;-1
####br; 20-07-08 07:08:10; 2;0
####en; 20-07-08 07:08:15; 73;-17
####it; 20-07-08 07:08:15; 1;-1
####br; 20-07-08 07:08:15; 3;3
####en; 20-07-08 07:08:20; 75;-20
####it; 20-07-08 07:08:20; 1;-1
####br; 20-07-08 07:08:20; 3;3
####en; 20-07-08 07:08:25; 74;-25
####it; 20-07-08 07:08:25; 1;-1
####br; 20-07-08 07:08:25; 3;5
####en; 20-07-08 07:08:30; 78;-27
####it; 20-07-08 07:08:30; 1;1
####br; 20-07-08 07:08:30; 2;4
####en; 20-07-08 07:08:35; 81;-27
####it; 20-07-08 07:08:35; 2;0
####br; 20-07-08 07:08:35; 2;4
####en; 20-07-08 07:08:40; 75;-35
####it; 20-07-08 07:08:40; 2;0
####br; 20-07-08 07:08:40; 2;4
####en; 20-07-08 07:08:45; 79;-29
####it; 20-07-08 07:08:45; 2;0
####br; 20-07-08 07:08:45; 2;4
####en; 20-07-08 07:08:50; 82;-19
####it; 20-07-08 07:08:50; 2;0
####br; 20-07-08 07:08:50; 2;4
####en; 20-07-08 07:08:55; 83;-12
####it; 20-07-08 07:08:55; 2;0
####br; 20-07-08 07:08:55; 2;4
####en; 20-07-08 07:09:00; 81;-9
####it; 20-07-08 07:09:00; 2;0
####br; 20-07-08 07:09:00; 2;4
####en; 20-07-08 07:09:05; 85;-11
####it; 20-07-08 07:09:05; 2;0
####br; 20-07-08 07:09:05; 2;4
####en; 20-07-08 07:09:10; 81;-6
####it; 20-07-08 07:09:10; 3;1
####br; 20-07-08 07:09:10; 3;5
####en; 20-07-08 07:09:15; 81;-14
####it; 20-07-08 07:09:15; 3;1
####br; 20-07-08 07:09:15; 2;2
####en; 20-07-08 07:09:20; 81;-1
####it; 20-07-08 07:09:20; 3;1
####br; 20-07-08 07:09:20; 2;2
####en; 20-07-08 07:09:25; 85;-8
####it; 20-07-08 07:09:25; 3;1
####br; 20-07-08 07:09:25; 1;1
####en; 20-07-08 07:09:30; 84;-6
####it; 20-07-08 07:09:30; 2;0
####br; 20-07-08 07:09:30; 1;1
####en; 20-07-08 07:09:35; 85;-2
####it; 20-07-08 07:09:35; 1;1
####br; 20-07-08 07:09:35; 1;1
####en; 20-07-08 07:09:40; 86;-6
####it; 20-07-08 07:09:40; 1;1
####br; 20-07-08 07:09:40; 1;1
####en; 20-07-08 07:09:45; 84;-11
####it; 20-07-08 07:09:45; 1;1
####br; 20-07-08 07:09:45; 1;1
####en; 20-07-08 07:09:50; 86;-13
####it; 20-07-08 07:09:50; 1;1
####br; 20-07-08 07:09:50; 1;1
####en; 20-07-08 07:09:55; 82;-15
####it; 20-07-08 07:09:55; 1;1
####br; 20-07-08 07:09:55; 1;1
####en; 20-07-08 07:10:00; 89;-14
####it; 20-07-08 07:10:00; 1;1
####br; 20-07-08 07:10:00; 1;1
####en; 20-07-08 07:10:05; 86;-13
####it; 20-07-08 07:10:05; 1;1
####br; 20-07-08 07:10:05; 1;1
####en; 20-07-08 07:10:10; 87;-6
####it; 20-07-08 07:10:10; 1;1
####en; 20-07-08 07:10:15; 92;-8
####it; 20-07-08 07:10:15; 1;1
####en; 20-07-08 07:10:20; 87;-18
####it; 20-07-08 07:10:20; 1;1
####en; 20-07-08 07:10:25; 83;-6
####it; 20-07-08 07:10:25; 2;3
####en; 20-07-08 07:10:30; 84;-10
####it; 20-07-08 07:10:30; 2;3
####br; 20-07-08 07:10:30; 1;1
####en; 20-07-08 07:10:35; 84;-15
####it; 20-07-08 07:10:35; 3;2
####br; 20-07-08 07:10:35; 1;1
####en; 20-07-08 07:10:40; 86;-4
####it; 20-07-08 07:10:40; 2;1
####br; 20-07-08 07:10:40; 1;1
####en; 20-07-08 07:10:45; 83;2
####it; 20-07-08 07:10:45; 3;3
####br; 20-07-08 07:10:45; 1;1
####en; 20-07-08 07:10:50; 90;-6
####it; 20-07-08 07:10:50; 3;3
####br; 20-07-08 07:10:50; 1;1
####en; 20-07-08 07:10:55; 89;-10
####it; 20-07-08 07:10:55; 4;2
####br; 20-07-08 07:10:55; 1;1
####en; 20-07-08 07:11:00; 88;-12
####it; 20-07-08 07:11:00; 5;1
####br; 20-07-08 07:11:00; 3;0
####en; 20-07-08 07:11:05; 87;-4
####it; 20-07-08 07:11:05; 5;1
####br; 20-07-08 07:11:05; 3;0
####en; 20-07-08 07:11:10; 85;-6
####it; 20-07-08 07:11:10; 5;1
####br; 20-07-08 07:11:10; 3;0
####en; 20-07-08 07:11:15; 81;-8
####it; 20-07-08 07:11:15; 6;0
####br; 20-07-08 07:11:15; 3;0
####en; 20-07-08 07:11:20; 81;-2
####it; 20-07-08 07:11:20; 6;0
####br; 20-07-08 07:11:20; 4;1
####en; 20-07-08 07:11:25; 80;-12
####it; 20-07-08 07:11:25; 6;-3
####br; 20-07-08 07:11:25; 4;1
####en; 20-07-08 07:11:30; 83;-10
####it; 20-07-08 07:11:30; 6;-3
####br; 20-07-08 07:11:30; 3;0
####en; 20-07-08 07:11:35; 80;-7
####it; 20-07-08 07:11:35; 5;-2
####br; 20-07-08 07:11:35; 4;1
####en; 20-07-08 07:11:40; 77;-12
####it; 20-07-08 07:11:40; 5;-2
####br; 20-07-08 07:11:40; 4;1
####en; 20-07-08 07:11:45; 77;-23
####it; 20-07-08 07:11:45; 4;-4
####br; 20-07-08 07:11:45; 5;2
####en; 20-07-08 07:11:50; 74;-20
####it; 20-07-08 07:11:50; 4;-4
####br; 20-07-08 07:11:50; 5;2
####en; 20-07-08 07:11:55; 72;-20
####it; 20-07-08 07:11:55; 3;-3
####br; 20-07-08 07:11:55; 5;2
####en; 20-07-08 07:12:00; 70;-20
####it; 20-07-08 07:12:00; 2;-2
####br; 20-07-08 07:12:00; 3;3
####en; 20-07-08 07:12:05; 71;-23
####it; 20-07-08 07:12:05; 2;-2
####br; 20-07-08 07:12:05; 3;3
####en; 20-07-08 07:12:10; 75;-21
####it; 20-07-08 07:12:10; 2;-2
####br; 20-07-08 07:12:10; 4;2
####en; 20-07-08 07:12:15; 80;-15
####it; 20-07-08 07:12:15; 1;-1
####br; 20-07-08 07:12:15; 6;4
####en; 20-07-08 07:12:20; 81;-20
####it; 20-07-08 07:12:20; 2;0
####br; 20-07-08 07:12:20; 6;4
####en; 20-07-08 07:12:25; 83;-14
####it; 20-07-08 07:12:25; 1;1
####br; 20-07-08 07:12:25; 6;4
####en; 20-07-08 07:12:30; 80;-10
####it; 20-07-08 07:12:30; 1;1
####br; 20-07-08 07:12:30; 7;6
####en; 20-07-08 07:12:35; 80;-4
####it; 20-07-08 07:12:35; 2;3
####br; 20-07-08 07:12:35; 7;6
####en; 20-07-08 07:12:40; 80;-8
####it; 20-07-08 07:12:40; 2;3
####br; 20-07-08 07:12:40; 7;6
####en; 20-07-08 07:12:45; 82;-9
####it; 20-07-08 07:12:45; 2;3
####br; 20-07-08 07:12:45; 7;6
####en; 20-07-08 07:12:50; 81;-4
####it; 20-07-08 07:12:50; 2;3
####br; 20-07-08 07:12:50; 7;6
####en; 20-07-08 07:12:55; 84;-1
####it; 20-07-08 07:12:55; 2;3
####br; 20-07-08 07:12:55; 8;5
####en; 20-07-08 07:13:00; 81;0
####it; 20-07-08 07:13:00; 2;3
####br; 20-07-08 07:13:00; 7;4
####en; 20-07-08 07:13:05; 81;1
####it; 20-07-08 07:13:05; 2;3
####br; 20-07-08 07:13:05; 8;5
####en; 20-07-08 07:13:10; 75;1
####it; 20-07-08 07:13:10; 2;3
####br; 20-07-08 07:13:10; 7;6
####en; 20-07-08 07:13:15; 69;-8
####it; 20-07-08 07:13:15; 2;3
####br; 20-07-08 07:13:15; 5;4
####en; 20-07-08 07:13:20; 63;-1
####it; 20-07-08 07:13:20; 1;2
####br; 20-07-08 07:13:20; 5;4
####en; 20-07-08 07:13:25; 65;8
####it; 20-07-08 07:13:25; 1;2
####br; 20-07-08 07:13:25; 5;4
####en; 20-07-08 07:13:30; 70;12
####it; 20-07-08 07:13:30; 1;2
####br; 20-07-08 07:13:30; 4;2
####en; 20-07-08 07:13:35; 71;12
####br; 20-07-08 07:13:35; 4;2
####en; 20-07-08 07:13:40; 73;15
####it; 20-07-08 07:13:40; 1;1
####br; 20-07-08 07:13:40; 4;2
####en; 20-07-08 07:13:45; 74;27
####it; 20-07-08 07:13:45; 1;1
####br; 20-07-08 07:13:45; 3;1
####en; 20-07-08 07:13:50; 74;26
####it; 20-07-08 07:13:50; 2;0
####br; 20-07-08 07:13:50; 3;1
####en; 20-07-08 07:13:55; 71;25
####it; 20-07-08 07:13:55; 2;0
####br; 20-07-08 07:13:55; 2;2
####en; 20-07-08 07:14:00; 73;25
####it; 20-07-08 07:14:00; 3;-1
####br; 20-07-08 07:14:00; 3;1
####en; 20-07-08 07:14:05; 75;25
####it; 20-07-08 07:14:05; 3;-1
####br; 20-07-08 07:14:05; 1;-1
####en; 20-07-08 07:14:10; 74;21
####it; 20-07-08 07:14:10; 3;-1
####br; 20-07-08 07:14:10; 1;-1
####en; 20-07-08 07:14:15; 74;27
####it; 20-07-08 07:14:15; 3;-1
####br; 20-07-08 07:14:15; 1;-1
####en; 20-07-08 07:14:20; 74;20
####it; 20-07-08 07:14:20; 3;-1
####br; 20-07-08 07:14:20; 1;-1
####en; 20-07-08 07:14:25; 71;11
####it; 20-07-08 07:14:25; 3;-1
####br; 20-07-08 07:14:25; 1;-1
####en; 20-07-08 07:14:30; 68;10
####it; 20-07-08 07:14:30; 3;-1
####br; 20-07-08 07:14:30; 1;-1
####en; 20-07-08 07:14:35; 69;10
####it; 20-07-08 07:14:35; 3;-1
####br; 20-07-08 07:14:35; 1;-1
####en; 20-07-08 07:14:40; 67;11
####it; 20-07-08 07:14:40; 2;-2
####br; 20-07-08 07:14:40; 1;-1
####en; 20-07-08 07:14:45; 66;12
####it; 20-07-08 07:14:45; 2;-2
####br; 20-07-08 07:14:45; 1;-1
####en; 20-07-08 07:14:50; 65;6
####it; 20-07-08 07:14:50; 1;-1
####br; 20-07-08 07:14:50; 1;-1
####en; 20-07-08 07:14:55; 72;4
####it; 20-07-08 07:14:55; 1;-1
####br; 20-07-08 07:14:55; 1;-1
####en; 20-07-08 07:15:00; 67;8
####en; 20-07-08 07:15:05; 60;-1
####en; 20-07-08 07:15:10; 64;6
####it; 20-07-08 07:15:10; 1;1
####en; 20-07-08 07:15:15; 75;6
####it; 20-07-08 07:15:15; 1;1
####br; 20-07-08 07:15:15; 1;-1
####en; 20-07-08 07:15:20; 80;15
####it; 20-07-08 07:15:20; 1;1
####br; 20-07-08 07:15:20; 2;0
####en; 20-07-08 07:15:25; 82;15
####it; 20-07-08 07:15:25; 1;1
####br; 20-07-08 07:15:25; 3;1
####en; 20-07-08 07:15:30; 86;17
####it; 20-07-08 07:15:30; 1;1
####br; 20-07-08 07:15:30; 3;1
####en; 20-07-08 07:15:35; 85;13
####it; 20-07-08 07:15:35; 1;1
####br; 20-07-08 07:15:35; 4;-1
####en; 20-07-08 07:15:40; 85;11
####it; 20-07-08 07:15:40; 1;1
####br; 20-07-08 07:15:40; 4;-1
####en; 20-07-08 07:15:45; 84;11
####it; 20-07-08 07:15:45; 1;1
####br; 20-07-08 07:15:45; 4;-1
####en; 20-07-08 07:15:50; 82;17
####it; 20-07-08 07:15:50; 1;1
####br; 20-07-08 07:15:50; 4;-1
####en; 20-07-08 07:15:55; 78;17
####it; 20-07-08 07:15:55; 1;1
####br; 20-07-08 07:15:55; 4;-1
####en; 20-07-08 07:16:00; 78;12
####it; 20-07-08 07:16:00; 1;1
####br; 20-07-08 07:16:00; 4;-1
####en; 20-07-08 07:16:05; 81;8
####it; 20-07-08 07:16:05; 1;1
####br; 20-07-08 07:16:05; 4;-1
####en; 20-07-08 07:16:10; 82;1
####br; 20-07-08 07:16:10; 4;-1
####en; 20-07-08 07:16:15; 74;-1
####br; 20-07-08 07:16:15; 3;0
####en; 20-07-08 07:16:20; 71;-6
####br; 20-07-08 07:16:20; 2;-1
####en; 20-07-08 07:16:25; 69;-6
####it; 20-07-08 07:16:25; 1;1
####br; 20-07-08 07:16:25; 1;-2
####en; 20-07-08 07:16:30; 67;-8
####it; 20-07-08 07:16:30; 1;1
####br; 20-07-08 07:16:30; 1;-2
####en; 20-07-08 07:16:35; 68;-1
####it; 20-07-08 07:16:35; 1;1
####br; 20-07-08 07:16:35; 1;-2
####en; 20-07-08 07:16:40; 72;0
####it; 20-07-08 07:16:40; 1;1
####en; 20-07-08 07:16:45; 74;0
####it; 20-07-08 07:16:45; 2;0
####en; 20-07-08 07:16:50; 79;-3
####it; 20-07-08 07:16:50; 2;0
####en; 20-07-08 07:16:55; 80;-2
####it; 20-07-08 07:16:55; 2;0
####br; 20-07-08 07:16:55; 1;-1
####en; 20-07-08 07:17:00; 82;0
####it; 20-07-08 07:17:00; 2;0
####br; 20-07-08 07:17:00; 1;-1
####en; 20-07-08 07:17:05; 85;-3
####it; 20-07-08 07:17:05; 2;0
####br; 20-07-08 07:17:05; 1;-1
####en; 20-07-08 07:17:10; 83;-11
####it; 20-07-08 07:17:10; 3;2
####br; 20-07-08 07:17:10; 1;-1
####en; 20-07-08 07:17:15; 82;-10
####it; 20-07-08 07:17:15; 3;2
####br; 20-07-08 07:17:15; 1;-1
####en; 20-07-08 07:17:20; 82;-11
####it; 20-07-08 07:17:20; 3;2
####br; 20-07-08 07:17:20; 1;-1
####en; 20-07-08 07:17:25; 85;-10
####it; 20-07-08 07:17:25; 2;1
####br; 20-07-08 07:17:25; 1;-1
####en; 20-07-08 07:17:30; 84;-8
####it; 20-07-08 07:17:30; 2;1
####br; 20-07-08 07:17:30; 2;-2
####en; 20-07-08 07:17:35; 86;-14
####it; 20-07-08 07:17:35; 2;1
####br; 20-07-08 07:17:35; 2;-2
####en; 20-07-08 07:17:40; 84;-21
####it; 20-07-08 07:17:40; 2;1
####br; 20-07-08 07:17:40; 4;-2
####en; 20-07-08 07:17:45; 83;-22
####it; 20-07-08 07:17:45; 1;2
####br; 20-07-08 07:17:45; 4;-2
####en; 20-07-08 07:17:50; 78;-21
####it; 20-07-08 07:17:50; 1;2
####br; 20-07-08 07:17:50; 4;-2
####en; 20-07-08 07:17:55; 79;-20
####it; 20-07-08 07:17:55; 1;2
####br; 20-07-08 07:17:55; 3;-1
####en; 20-07-08 07:18:00; 78;-25
####it; 20-07-08 07:18:00; 1;2
####br; 20-07-08 07:18:00; 3;-1
####en; 20-07-08 07:18:05; 75;-18
####it; 20-07-08 07:18:05; 1;2
####br; 20-07-08 07:18:05; 3;-1
####en; 20-07-08 07:18:10; 74;-15
####br; 20-07-08 07:18:10; 3;-1
####en; 20-07-08 07:18:15; 76;-10
####br; 20-07-08 07:18:15; 3;-1
####en; 20-07-08 07:18:20; 75;-13
####br; 20-07-08 07:18:20; 3;-1
####en; 20-07-08 07:18:25; 73;-15
####br; 20-07-08 07:18:25; 3;-1
####en; 20-07-08 07:18:30; 73;-11
####br; 20-07-08 07:18:30; 3;-1
####en; 20-07-08 07:18:35; 75;-8
####br; 20-07-08 07:18:35; 3;-1
####en; 20-07-08 07:18:40; 74;-1
####br; 20-07-08 07:18:40; 2;0
####en; 20-07-08 07:18:45; 77;-1
####br; 20-07-08 07:18:45; 1;1
####en; 20-07-08 07:18:50; 82;-5
####br; 20-07-08 07:18:50; 1;1
####en; 20-07-08 07:18:55; 80;-4
####br; 20-07-08 07:18:55; 1;1
####en; 20-07-08 07:19:00; 83;-3
####br; 20-07-08 07:19:00; 1;1
####en; 20-07-08 07:19:05; 77;-8
####br; 20-07-08 07:19:05; 1;1
####en; 20-07-08 07:19:10; 76;5
####br; 20-07-08 07:19:10; 1;1
####en; 20-07-08 07:19:15; 76;-4
####br; 20-07-08 07:19:15; 1;1
####en; 20-07-08 07:19:20; 79;6
####en; 20-07-08 07:19:25; 76;9
####en; 20-07-08 07:19:30; 73;5
####en; 20-07-08 07:19:35; 68;2
####en; 20-07-08 07:19:40; 70;1
####en; 20-07-08 07:19:45; 68;3
####br; 20-07-08 07:19:45; 1;1
####en; 20-07-08 07:19:50; 69;-2
####br; 20-07-08 07:19:50; 1;1
####en; 20-07-08 07:19:55; 73;-8
####br; 20-07-08 07:19:55; 1;1
####en; 20-07-08 07:20:00; 71;-1
####br; 20-07-08 07:20:00; 1;1
####en; 20-07-08 07:20:05; 74;4
####br; 20-07-08 07:20:05; 3;0
####en; 20-07-08 07:20:10; 75;5
####br; 20-07-08 07:20:10; 3;0
####en; 20-07-08 07:20:15; 74;4
####br; 20-07-08 07:20:15; 3;0
####en; 20-07-08 07:20:20; 78;4
####br; 20-07-08 07:20:20; 3;0
####en; 20-07-08 07:20:25; 75;9
####br; 20-07-08 07:20:25; 3;0
####en; 20-07-08 07:20:30; 72;14
####it; 20-07-08 07:20:30; 1;1
####br; 20-07-08 07:20:30; 3;0
####en; 20-07-08 07:20:35; 74;14
####it; 20-07-08 07:20:35; 1;1
####br; 20-07-08 07:20:35; 3;0
####en; 20-07-08 07:20:40; 73;19
####it; 20-07-08 07:20:40; 1;1
####br; 20-07-08 07:20:40; 3;0
####en; 20-07-08 07:20:45; 72;20
####it; 20-07-08 07:20:45; 1;1
####br; 20-07-08 07:20:45; 3;0
####en; 20-07-08 07:20:50; 70;29
####it; 20-07-08 07:20:50; 1;1
####br; 20-07-08 07:20:50; 3;0
####en; 20-07-08 07:20:55; 72;34
####it; 20-07-08 07:20:55; 1;1
####br; 20-07-08 07:20:55; 3;0
####en; 20-07-08 07:21:00; 67;24
####it; 20-07-08 07:21:00; 2;2
####br; 20-07-08 07:21:00; 3;0
####en; 20-07-08 07:21:05; 67;23
####it; 20-07-08 07:21:05; 2;2
####br; 20-07-08 07:21:05; 1;1
####en; 20-07-08 07:21:10; 67;13
####it; 20-07-08 07:21:10; 2;2
####en; 20-07-08 07:21:15; 71;9
####it; 20-07-08 07:21:15; 2;2
####en; 20-07-08 07:21:20; 69;12
####it; 20-07-08 07:21:20; 2;2
####en; 20-07-08 07:21:25; 69;6
####it; 20-07-08 07:21:25; 2;2
####br; 20-07-08 07:21:25; 1;1
####en; 20-07-08 07:21:30; 71;0
####it; 20-07-08 07:21:30; 1;1
####br; 20-07-08 07:21:30; 1;1
####en; 20-07-08 07:21:35; 71;6
####it; 20-07-08 07:21:35; 1;1
####br; 20-07-08 07:21:35; 2;2
####en; 20-07-08 07:21:40; 66;4
####it; 20-07-08 07:21:40; 1;1
####br; 20-07-08 07:21:40; 3;3
####en; 20-07-08 07:21:45; 71;7
####it; 20-07-08 07:21:45; 2;0
####br; 20-07-08 07:21:45; 3;3
####en; 20-07-08 07:21:50; 69;6
####it; 20-07-08 07:21:50; 2;0
####br; 20-07-08 07:21:50; 3;3
####en; 20-07-08 07:21:55; 68;6
####it; 20-07-08 07:21:55; 2;0
####br; 20-07-08 07:21:55; 3;3
####en; 20-07-08 07:22:00; 73;12
####it; 20-07-08 07:22:00; 1;-1
####br; 20-07-08 07:22:00; 3;3
####en; 20-07-08 07:22:05; 71;9
####it; 20-07-08 07:22:05; 1;-1
####br; 20-07-08 07:22:05; 3;3
####en; 20-07-08 07:22:10; 67;14
####it; 20-07-08 07:22:10; 1;-1
####br; 20-07-08 07:22:10; 4;2
####en; 20-07-08 07:22:15; 68;14
####it; 20-07-08 07:22:15; 1;-1
####br; 20-07-08 07:22:15; 4;2
####en; 20-07-08 07:22:20; 66;14
####it; 20-07-08 07:22:20; 1;-1
####br; 20-07-08 07:22:20; 4;2
####en; 20-07-08 07:22:25; 74;15
####it; 20-07-08 07:22:25; 1;-1
####br; 20-07-08 07:22:25; 3;1
####en; 20-07-08 07:22:30; 73;19
####it; 20-07-08 07:22:30; 1;-1
####br; 20-07-08 07:22:30; 3;1
####en; 20-07-08 07:22:35; 73;15
####it; 20-07-08 07:22:35; 1;-1
####br; 20-07-08 07:22:35; 2;0
####en; 20-07-08 07:22:40; 78;10
####it; 20-07-08 07:22:40; 2;0
####br; 20-07-08 07:22:40; 1;-1
####en; 20-07-08 07:22:45; 82;12
####it; 20-07-08 07:22:45; 1;1
####br; 20-07-08 07:22:45; 2;0
####en; 20-07-08 07:22:50; 81;10
####it; 20-07-08 07:22:50; 1;1
####br; 20-07-08 07:22:50; 2;0
####en; 20-07-08 07:22:55; 76;14
####it; 20-07-08 07:22:55; 1;1
####br; 20-07-08 07:22:55; 2;0
####en; 20-07-08 07:23:00; 75;14
####it; 20-07-08 07:23:00; 2;2
####br; 20-07-08 07:23:00; 2;0
####en; 20-07-08 07:23:05; 76;14
####it; 20-07-08 07:23:05; 3;0
####br; 20-07-08 07:23:05; 2;0
####en; 20-07-08 07:23:10; 77;15
####it; 20-07-08 07:23:10; 3;0
####br; 20-07-08 07:23:10; 1;1
####en; 20-07-08 07:23:15; 76;15
####it; 20-07-08 07:23:15; 3;0
####br; 20-07-08 07:23:15; 1;1
####en; 20-07-08 07:23:20; 80;14
####it; 20-07-08 07:23:20; 3;0
####br; 20-07-08 07:23:20; 1;1
####en; 20-07-08 07:23:25; 79;8
####it; 20-07-08 07:23:25; 3;0
####br; 20-07-08 07:23:25; 1;1
####en; 20-07-08 07:23:30; 79;3
####it; 20-07-08 07:23:30; 3;0
####br; 20-07-08 07:23:30; 1;1
####en; 20-07-08 07:23:35; 77;1
####it; 20-07-08 07:23:35; 3;0
####br; 20-07-08 07:23:35; 2;0
####en; 20-07-08 07:23:40; 71;4
####it; 20-07-08 07:23:40; 2;-1
####br; 20-07-08 07:23:40; 2;0
####en; 20-07-08 07:23:45; 65;1
####it; 20-07-08 07:23:45; 2;-1
####br; 20-07-08 07:23:45; 1;-1
####en; 20-07-08 07:23:50; 67;5
####it; 20-07-08 07:23:50; 2;-1
####br; 20-07-08 07:23:50; 1;-1
####en; 20-07-08 07:23:55; 69;-1
####it; 20-07-08 07:23:55; 2;-1
####br; 20-07-08 07:23:55; 2;0
####en; 20-07-08 07:24:00; 67;-6
####it; 20-07-08 07:24:00; 2;-3
####br; 20-07-08 07:24:00; 2;0
####en; 20-07-08 07:24:05; 69;-11
####it; 20-07-08 07:24:05; 1;-1
####br; 20-07-08 07:24:05; 2;0
####en; 20-07-08 07:24:10; 68;-12
####it; 20-07-08 07:24:10; 1;-1
####br; 20-07-08 07:24:10; 2;0
####en; 20-07-08 07:24:15; 63;-8
####it; 20-07-08 07:24:15; 1;-1
####br; 20-07-08 07:24:15; 2;0
####en; 20-07-08 07:24:20; 68;-9
####it; 20-07-08 07:24:20; 1;-1
####br; 20-07-08 07:24:20; 3;1
####en; 20-07-08 07:24:25; 65;-2
####it; 20-07-08 07:24:25; 1;-1
####br; 20-07-08 07:24:25; 3;1
####en; 20-07-08 07:24:30; 61;-6
####it; 20-07-08 07:24:30; 1;-1
####br; 20-07-08 07:24:30; 4;3
####en; 20-07-08 07:24:35; 60;-9
####it; 20-07-08 07:24:35; 2;0
####br; 20-07-08 07:24:35; 3;4
####en; 20-07-08 07:24:40; 62;-5
####it; 20-07-08 07:24:40; 3;1
####br; 20-07-08 07:24:40; 3;4
####en; 20-07-08 07:24:45; 65;-3
####it; 20-07-08 07:24:45; 3;1
####br; 20-07-08 07:24:45; 4;5
####en; 20-07-08 07:24:50; 72;-12
####it; 20-07-08 07:24:50; 3;1
####br; 20-07-08 07:24:50; 4;5
####en; 20-07-08 07:24:55; 71;-13
####it; 20-07-08 07:24:55; 3;1
####br; 20-07-08 07:24:55; 4;3
####en; 20-07-08 07:25:00; 70;-13
####it; 20-07-08 07:25:00; 2;2
####br; 20-07-08 07:25:00; 4;3
####en; 20-07-08 07:25:05; 69;-8
####it; 20-07-08 07:25:05; 2;2
####br; 20-07-08 07:25:05; 5;2
####en; 20-07-08 07:25:10; 74;-4
####it; 20-07-08 07:25:10; 2;2
####br; 20-07-08 07:25:10; 5;2
####en; 20-07-08 07:25:15; 73;-3
####it; 20-07-08 07:25:15; 2;2
####br; 20-07-08 07:25:15; 5;2
####en; 20-07-08 07:25:20; 72;-6
####it; 20-07-08 07:25:20; 2;2
####br; 20-07-08 07:25:20; 5;2
####en; 20-07-08 07:25:25; 71;-7
####it; 20-07-08 07:25:25; 2;2
####br; 20-07-08 07:25:25; 5;2
####en; 20-07-08 07:25:30; 73;-7
####it; 20-07-08 07:25:30; 2;2
####br; 20-07-08 07:25:30; 4;0
####en; 20-07-08 07:25:35; 76;-6
####it; 20-07-08 07:25:35; 1;1
####br; 20-07-08 07:25:35; 4;0
####en; 20-07-08 07:25:40; 78;-5
####it; 20-07-08 07:25:40; 1;1
####br; 20-07-08 07:25:40; 4;0
####en; 20-07-08 07:25:45; 75;-8
####it; 20-07-08 07:25:45; 1;1
####br; 20-07-08 07:25:45; 3;-1
####en; 20-07-08 07:25:50; 65;-6
####it; 20-07-08 07:25:50; 1;1
####br; 20-07-08 07:25:50; 4;0
####en; 20-07-08 07:25:55; 61;-6
####it; 20-07-08 07:25:55; 1;1
####br; 20-07-08 07:25:55; 3;1
####en; 20-07-08 07:26:00; 66;-7
####it; 20-07-08 07:26:00; 1;1
####br; 20-07-08 07:26:00; 3;1
####en; 20-07-08 07:26:05; 65;-10
####it; 20-07-08 07:26:05; 1;1
####br; 20-07-08 07:26:05; 2;2
####en; 20-07-08 07:26:10; 63;-21
####it; 20-07-08 07:26:10; 2;0
####br; 20-07-08 07:26:10; 3;3
####en; 20-07-08 07:26:15; 65;-24
####it; 20-07-08 07:26:15; 2;0
####br; 20-07-08 07:26:15; 3;3
####en; 20-07-08 07:26:20; 57;-20
####it; 20-07-08 07:26:20; 2;0
####br; 20-07-08 07:26:20; 3;3
####en; 20-07-08 07:26:25; 58;-22
####it; 20-07-08 07:26:25; 2;0
####br; 20-07-08 07:26:25; 3;3
####en; 20-07-08 07:26:30; 60;-22
####it; 20-07-08 07:26:30; 2;0
####br; 20-07-08 07:26:30; 3;3
####en; 20-07-08 07:26:35; 57;-29
####it; 20-07-08 07:26:35; 2;0
####br; 20-07-08 07:26:35; 3;3
####en; 20-07-08 07:26:40; 58;-31
####it; 20-07-08 07:26:40; 2;0
####br; 20-07-08 07:26:40; 3;3
####en; 20-07-08 07:26:45; 60;-24
####it; 20-07-08 07:26:45; 2;0
####br; 20-07-08 07:26:45; 3;3
####en; 20-07-08 07:26:50; 65;-31
####it; 20-07-08 07:26:50; 2;0
####br; 20-07-08 07:26:50; 2;2
####en; 20-07-08 07:26:55; 67;-22
####it; 20-07-08 07:26:55; 2;0
####br; 20-07-08 07:26:55; 2;2
####en; 20-07-08 07:27:00; 63;-18
####it; 20-07-08 07:27:00; 1;-1
####br; 20-07-08 07:27:00; 2;2
####en; 20-07-08 07:27:05; 68;-17
####it; 20-07-08 07:27:05; 1;-1
####br; 20-07-08 07:27:05; 2;2
####en; 20-07-08 07:27:10; 68;-1
####br; 20-07-08 07:27:10; 2;2
####en; 20-07-08 07:27:15; 66;0
####it; 20-07-08 07:27:15; 1;-1
####br; 20-07-08 07:27:15; 4;2
####en; 20-07-08 07:27:20; 72;-4
####it; 20-07-08 07:27:20; 1;-1
####br; 20-07-08 07:27:20; 4;2
####en; 20-07-08 07:27:25; 72;-5
####it; 20-07-08 07:27:25; 1;-1
####br; 20-07-08 07:27:25; 4;2
####en; 20-07-08 07:27:30; 66;-3
####it; 20-07-08 07:27:30; 1;-1
####br; 20-07-08 07:27:30; 4;2
####en; 20-07-08 07:27:35; 71;-2
####it; 20-07-08 07:27:35; 1;-1
####br; 20-07-08 07:27:35; 6;4
####en; 20-07-08 07:27:40; 72;-5
####it; 20-07-08 07:27:40; 1;-1
####br; 20-07-08 07:27:40; 7;5
####en; 20-07-08 07:27:45; 76;-13
####it; 20-07-08 07:27:45; 1;-1
####br; 20-07-08 07:27:45; 8;4
####en; 20-07-08 07:27:50; 79;-3
####it; 20-07-08 07:27:50; 1;-1
####br; 20-07-08 07:27:50; 8;4
####en; 20-07-08 07:27:55; 85;-4
####it; 20-07-08 07:27:55; 1;-1
####br; 20-07-08 07:27:55; 8;4
####en; 20-07-08 07:28:00; 88;1
####it; 20-07-08 07:28:00; 1;-1
####br; 20-07-08 07:28:00; 8;4
####en; 20-07-08 07:28:05; 84;3
####it; 20-07-08 07:28:05; 1;-1
####br; 20-07-08 07:28:05; 8;4
####en; 20-07-08 07:28:10; 85;-3
####it; 20-07-08 07:28:10; 1;-1
####br; 20-07-08 07:28:10; 7;3
####en; 20-07-08 07:28:15; 91;-14
####it; 20-07-08 07:28:15; 1;1
####br; 20-07-08 07:28:15; 5;3
####en; 20-07-08 07:28:20; 86;-19
####it; 20-07-08 07:28:20; 1;1
####br; 20-07-08 07:28:20; 5;3
####en; 20-07-08 07:28:25; 84;-15
####it; 20-07-08 07:28:25; 2;2
####br; 20-07-08 07:28:25; 5;3
####en; 20-07-08 07:28:30; 84;-12
####it; 20-07-08 07:28:30; 2;2
####br; 20-07-08 07:28:30; 5;3
####en; 20-07-08 07:28:35; 83;-6
####it; 20-07-08 07:28:35; 2;2
####br; 20-07-08 07:28:35; 3;1
####en; 20-07-08 07:28:40; 82;-4
####it; 20-07-08 07:28:40; 2;2
####br; 20-07-08 07:28:40; 1;-1
####en; 20-07-08 07:28:45; 78;-9
####it; 20-07-08 07:28:45; 2;2
####en; 20-07-08 07:28:50; 77;-9
####it; 20-07-08 07:28:50; 3;3
####en; 20-07-08 07:28:55; 74;-15
####it; 20-07-08 07:28:55; 3;3
####en; 20-07-08 07:29:00; 69;-16
####it; 20-07-08 07:29:00; 4;2
####en; 20-07-08 07:29:05; 70;-22
####it; 20-07-08 07:29:05; 4;2
####en; 20-07-08 07:29:10; 68;-19
####it; 20-07-08 07:29:10; 4;2
####br; 20-07-08 07:29:10; 1;-1
####en; 20-07-08 07:29:15; 67;-9
####it; 20-07-08 07:29:15; 3;1
####br; 20-07-08 07:29:15; 1;-1
####en; 20-07-08 07:29:20; 73;-11
####it; 20-07-08 07:29:20; 3;1
####br; 20-07-08 07:29:20; 2;0
####en; 20-07-08 07:29:25; 73;-7
####it; 20-07-08 07:29:25; 2;0
####br; 20-07-08 07:29:25; 2;0
####en; 20-07-08 07:29:30; 72;-13
####it; 20-07-08 07:29:30; 3;1
####br; 20-07-08 07:29:30; 2;0
####en; 20-07-08 07:29:35; 70;-13
####it; 20-07-08 07:29:35; 3;1
####br; 20-07-08 07:29:35; 2;0
####en; 20-07-08 07:29:40; 72;-10
####it; 20-07-08 07:29:40; 3;1
####br; 20-07-08 07:29:40; 2;0
####en; 20-07-08 07:29:45; 77;-9
####it; 20-07-08 07:29:45; 3;1
####br; 20-07-08 07:29:45; 3;-1
####en; 20-07-08 07:29:50; 75;-8
####it; 20-07-08 07:29:50; 2;0
####br; 20-07-08 07:29:50; 3;-1
####en; 20-07-08 07:29:55; 73;-10
####it; 20-07-08 07:29:55; 2;0
####br; 20-07-08 07:29:55; 3;-1
####en; 20-07-08 07:30:00; 74;-12
####it; 20-07-08 07:30:00; 1;1
####br; 20-07-08 07:30:00; 3;-1
####en; 20-07-08 07:30:05; 78;-6
####it; 20-07-08 07:30:05; 1;1
####br; 20-07-08 07:30:05; 3;-1
####en; 20-07-08 07:30:10; 85;-2
####it; 20-07-08 07:30:10; 1;1
####br; 20-07-08 07:30:10; 2;0
####en; 20-07-08 07:30:15; 90;5
####it; 20-07-08 07:30:15; 1;1
####br; 20-07-08 07:30:15; 2;0
####en; 20-07-08 07:30:20; 88;8
####it; 20-07-08 07:30:20; 1;1
####br; 20-07-08 07:30:20; 1;-1
####en; 20-07-08 07:30:25; 94;4
####it; 20-07-08 07:30:25; 1;1
####br; 20-07-08 07:30:25; 2;-4
####en; 20-07-08 07:30:30; 96;8
####br; 20-07-08 07:30:30; 2;-4
####en; 20-07-08 07:30:35; 95;10
####br; 20-07-08 07:30:35; 2;-4
####en; 20-07-08 07:30:40; 98;13
####br; 20-07-08 07:30:40; 2;-4
####en; 20-07-08 07:30:45; 94;7
####it; 20-07-08 07:30:45; 2;2
####br; 20-07-08 07:30:45; 1;-3
####en; 20-07-08 07:30:50; 92;6
####it; 20-07-08 07:30:50; 2;2
####br; 20-07-08 07:30:50; 1;-3
####en; 20-07-08 07:30:55; 97;6
####it; 20-07-08 07:30:55; 2;2
####br; 20-07-08 07:30:55; 1;-3
####en; 20-07-08 07:31:00; 104;8
####it; 20-07-08 07:31:00; 2;2
####br; 20-07-08 07:31:00; 1;-3
####en; 20-07-08 07:31:05; 99;7
####it; 20-07-08 07:31:05; 2;2
####br; 20-07-08 07:31:05; 1;-3
####en; 20-07-08 07:31:10; 90;5
####it; 20-07-08 07:31:10; 3;3
####br; 20-07-08 07:31:10; 2;-4
####en; 20-07-08 07:31:15; 85;1
####it; 20-07-08 07:31:15; 3;3
####br; 20-07-08 07:31:15; 2;-4
####en; 20-07-08 07:31:20; 86;-2
####it; 20-07-08 07:31:20; 3;3
####br; 20-07-08 07:31:20; 2;-4
####en; 20-07-08 07:31:25; 88;-3
####it; 20-07-08 07:31:25; 3;3
####br; 20-07-08 07:31:25; 1;-1
####en; 20-07-08 07:31:30; 88;0
####it; 20-07-08 07:31:30; 3;3
####br; 20-07-08 07:31:30; 1;-1
####en; 20-07-08 07:31:35; 86;-8
####it; 20-07-08 07:31:35; 3;3
####br; 20-07-08 07:31:35; 1;-1
####en; 20-07-08 07:31:40; 81;-9
####it; 20-07-08 07:31:40; 3;3
####br; 20-07-08 07:31:40; 1;-1
####en; 20-07-08 07:31:45; 83;-11
####it; 20-07-08 07:31:45; 1;1
####br; 20-07-08 07:31:45; 1;-1
####en; 20-07-08 07:31:50; 83;-2
####it; 20-07-08 07:31:50; 1;1
####br; 20-07-08 07:31:50; 1;-1
